Summary,Issue key,Issue id,Issue Type,Status,Project key,Project name,Project type,Project lead,Project lead id,Project description,Priority,Resolution,Assignee,Assignee Id,Reporter,Reporter Id,Creator,Creator Id,Created,Updated,Last Viewed,Resolved,Due date,Votes,Description,Environment,Watchers,Watchers Id,Original estimate,Remaining Estimate,Time Spent,Work Ratio,Σ Original Estimate,Σ Remaining Estimate,Σ Time Spent,Security Level,Outward issue link (Blocks),Outward issue link (Cloners),Outward issue link (Relates),Outward issue link (Relates),Attachment,Attachment,Custom field (Actual end),Custom field (Actual start),Custom field (Change reason),Custom field (Change risk),Custom field (Change type),Custom field (Development),Custom field (Epic Color),Custom field (Epic Link),Custom field (Epic Name),Custom field (Epic Status),Custom field (Impact),Custom field (Issue color),Custom field (Rank),Custom field (Request Type),Sprint,Custom field (Start date),Custom field (Story Points),Custom field (Story point estimate),Custom field (Target end),Custom field (Target start),Custom field (Team),Custom field ([CHART] Date of First Response),Status Category
To verify if on clicking the > button admin is moved to the next page and < moves admin to the previous in the pagination,RP-175,10210,Test,Done,RP,Retails_Products,software,Aaheli Das,612ef77a8bb88c006f3e353f,,Medium,Done,Aaheli Das,612ef77a8bb88c006f3e353f,Aaheli Das,612ef77a8bb88c006f3e353f,Aaheli Das,612ef77a8bb88c006f3e353f,08/Sep/21 4:33 AM,08/Sep/21 3:50 PM,09/Sep/21 4:50 AM,08/Sep/21 4:41 AM,,0,,,Aaheli Das,612ef77a8bb88c006f3e353f,,,,,,,,,,,RP-172,,,,,,,,,{},,,,,,,0|i0009f:,,Products Sprint,,,,,,,,Done
To verify if on clicking the >| button admin is moved to the last page and |< moves admin to very first page in the pagination,RP-174,10209,Test,Done,RP,Retails_Products,software,Aaheli Das,612ef77a8bb88c006f3e353f,,Medium,Done,Aaheli Das,612ef77a8bb88c006f3e353f,Aaheli Das,612ef77a8bb88c006f3e353f,Aaheli Das,612ef77a8bb88c006f3e353f,08/Sep/21 4:30 AM,08/Sep/21 3:50 PM,09/Sep/21 4:50 AM,08/Sep/21 4:41 AM,,0,,,Aaheli Das,612ef77a8bb88c006f3e353f,,,,,,,,,,,RP-172,,,,,,,,,{},,,,,,,0|i00097:,,Products Sprint,,,,,,,,Done
"To verify if on clicking the page number in the pagination, it opens that page of product",RP-173,10208,Test,Done,RP,Retails_Products,software,Aaheli Das,612ef77a8bb88c006f3e353f,,Medium,Done,Aaheli Das,612ef77a8bb88c006f3e353f,Aaheli Das,612ef77a8bb88c006f3e353f,Aaheli Das,612ef77a8bb88c006f3e353f,08/Sep/21 4:23 AM,08/Sep/21 3:50 PM,09/Sep/21 4:50 AM,08/Sep/21 4:41 AM,,0,,,Aaheli Das,612ef77a8bb88c006f3e353f,,,,,,,,,,,RP-172,,,,,,,,,{},,,,,,,0|i0008z:,,Products Sprint,,,,,,,,Done
"As the admin, I want to be able to use the pagination to traverse the list of products",RP-172,10207,Story,Done,RP,Retails_Products,software,Aaheli Das,612ef77a8bb88c006f3e353f,,Medium,Done,Aaheli Das,612ef77a8bb88c006f3e353f,Aaheli Das,612ef77a8bb88c006f3e353f,Aaheli Das,612ef77a8bb88c006f3e353f,08/Sep/21 4:23 AM,08/Sep/21 7:32 AM,09/Sep/21 4:50 AM,08/Sep/21 4:41 AM,,0,,,Aaheli Das,612ef77a8bb88c006f3e353f,,,,,,,,,,,RP-1,,,,,,,,,{},,,,,,,0|i0008r:,,Products Sprint,,,,,,,,Done
" As the admin, I want to click on ""Edit"" button so that I can edit an existing product",RP-171,10206,Story,Blocked,RP,Retails_Products,software,Aaheli Das,612ef77a8bb88c006f3e353f,,Medium,,Aaheli Das,612ef77a8bb88c006f3e353f,Aaheli Das,612ef77a8bb88c006f3e353f,Aaheli Das,612ef77a8bb88c006f3e353f,06/Sep/21 11:13 AM,08/Sep/21 7:31 AM,09/Sep/21 4:50 AM,,,0,,,Aaheli Das,612ef77a8bb88c006f3e353f,,,,,,,,,,,RP-1,,,,,,,,,{},,,,,,,0|i00087:,,Products Sprint,,,,,,,,In Progress
"Original font can't be selected anymore after changing it in ""Font Family""",RP-170,10205,Bug,To Do,RP,Retails_Products,software,Aaheli Das,612ef77a8bb88c006f3e353f,,Medium,,Aaheli Das,612ef77a8bb88c006f3e353f,Aaheli Das,612ef77a8bb88c006f3e353f,Aaheli Das,612ef77a8bb88c006f3e353f,06/Sep/21 11:12 AM,09/Sep/21 3:38 AM,09/Sep/21 4:50 AM,,,0,"Restoring default font style which is Open sans

step to reproduce :

Go to products

go to Edit on the product which needs to be edited

select a different font style from font family dropdown

try to restore the original font Open Sans from the dropdown

Expected result :

Open Sans should be available in the dropdown

Actual Result :

Open Sans is not available in the dropdown

!Screenshot 2021-09-03 153023.png|width=645,height=350!

!Screenshot 2021-09-03 153058.png|width=581,height=232!",,Aaheli Das,612ef77a8bb88c006f3e353f,,,,,,,,,,,RP-145,,06/Sep/21 11:12 AM;ug:39b16568-d855-4cf2-988f-ebe282735816;Screenshot 2021-09-03 153023.png;https://corporateola7.atlassian.net/secure/attachment/10010/Screenshot+2021-09-03+153023.png,06/Sep/21 11:12 AM;ug:39b16568-d855-4cf2-988f-ebe282735816;Screenshot 2021-09-03 153058.png;https://corporateola7.atlassian.net/secure/attachment/10011/Screenshot+2021-09-03+153058.png,,,,,,{},,,,,,,0|i00088:i,,Products Sprint,,,,,,,,To Do
"""Reset To Default"" under ""More Colors"" in ""Description"" fails to change color back to default",RP-169,10204,Bug,To Do,RP,Retails_Products,software,Aaheli Das,612ef77a8bb88c006f3e353f,,Medium,,Aaheli Das,612ef77a8bb88c006f3e353f,Aaheli Das,612ef77a8bb88c006f3e353f,Aaheli Das,612ef77a8bb88c006f3e353f,06/Sep/21 11:12 AM,09/Sep/21 3:38 AM,09/Sep/21 4:50 AM,,,0,"Restoring font color to default

step to reproduce :

Go to products

go to Edit on product to be edited

go to more colors field and select any color from foreground option

select “restore to default“

type texts in the “description“ field

Expected result :

texts inserted should be of default color which is Black

Actual Result :

text inserted remains the previously selected color

!Screenshot 2021-09-03 171343.png|width=551,height=79!

!Screenshot 2021-09-03 172037.png|width=665,height=144!",,Aaheli Das,612ef77a8bb88c006f3e353f,,,,,,,,,RP-167,,RP-167,,06/Sep/21 11:12 AM;ug:39b16568-d855-4cf2-988f-ebe282735816;Screenshot 2021-09-03 171343.png;https://corporateola7.atlassian.net/secure/attachment/10008/Screenshot+2021-09-03+171343.png,06/Sep/21 11:12 AM;ug:39b16568-d855-4cf2-988f-ebe282735816;Screenshot 2021-09-03 172037.png;https://corporateola7.atlassian.net/secure/attachment/10009/Screenshot+2021-09-03+172037.png,,,,,,{},,,,,,,0|i00088:,,Products Sprint,,,,,,,,To Do
"To verify that if mouse is hovered on ""Product Tags"" it displays ""Comma Separated""",RP-168,10203,Test,Done,RP,Retails_Products,software,Aaheli Das,612ef77a8bb88c006f3e353f,,Medium,Done,Aaheli Das,612ef77a8bb88c006f3e353f,Aaheli Das,612ef77a8bb88c006f3e353f,Aaheli Das,612ef77a8bb88c006f3e353f,06/Sep/21 11:11 AM,08/Sep/21 3:50 PM,09/Sep/21 4:50 AM,07/Sep/21 6:09 AM,,0,,,Aaheli Das,612ef77a8bb88c006f3e353f,,,,,,,,,,,RP-171,,,,,,,,,{},,,,,,,0|i0008i:zvi,,Products Sprint,,,,,,,,Done
"To verify ""Transparent"" and ""Restore to Default"" buttons in ""More Color""",RP-167,10202,Test,Blocked,RP,Retails_Products,software,Aaheli Das,612ef77a8bb88c006f3e353f,,Medium,,Aaheli Das,612ef77a8bb88c006f3e353f,Aaheli Das,612ef77a8bb88c006f3e353f,Aaheli Das,612ef77a8bb88c006f3e353f,06/Sep/21 11:11 AM,08/Sep/21 7:32 AM,09/Sep/21 4:50 AM,,,0,,,Aaheli Das,612ef77a8bb88c006f3e353f,,,,,,,,,,,RP-171,,,,,,,,,{},,,,,,,0|i0008i:zxi,,Products Sprint,,,,,,,,In Progress
"To verify if ""Ordered List"" option can be used  in ""Description"" field to Ordered list",RP-165,10200,Test,Done,RP,Retails_Products,software,Aaheli Das,612ef77a8bb88c006f3e353f,,Medium,Done,Aaheli Das,612ef77a8bb88c006f3e353f,Aaheli Das,612ef77a8bb88c006f3e353f,Aaheli Das,612ef77a8bb88c006f3e353f,06/Sep/21 11:11 AM,08/Sep/21 3:51 PM,09/Sep/21 4:50 AM,07/Sep/21 6:09 AM,,0,,,Aaheli Das,612ef77a8bb88c006f3e353f,,,,,,,,,,,RP-171,,,,,,,,,{},,,,,,,0|i0008i:zt,,Products Sprint,,,,,,,,Done
"To verify if ""Paragraph"" option can be used  in ""Description"" field to change alignments",RP-164,10199,Test,Done,RP,Retails_Products,software,Aaheli Das,612ef77a8bb88c006f3e353f,,Medium,Done,Aaheli Das,612ef77a8bb88c006f3e353f,Aaheli Das,612ef77a8bb88c006f3e353f,Aaheli Das,612ef77a8bb88c006f3e353f,06/Sep/21 11:11 AM,08/Sep/21 3:50 PM,09/Sep/21 4:50 AM,07/Sep/21 6:07 AM,,0,,,Aaheli Das,612ef77a8bb88c006f3e353f,,,,,,,,,,,RP-171,,,,,,,,,{},,,,,,,0|i0008i:zz,,Products Sprint,,,,,,,,Done
"To verify if ""Picture"" option can be used to add pictures in ""Description"" field",RP-163,10198,Test,Done,RP,Retails_Products,software,Aaheli Das,612ef77a8bb88c006f3e353f,,Medium,Done,Aaheli Das,612ef77a8bb88c006f3e353f,Aaheli Das,612ef77a8bb88c006f3e353f,Aaheli Das,612ef77a8bb88c006f3e353f,06/Sep/21 11:11 AM,08/Sep/21 3:51 PM,09/Sep/21 4:50 AM,07/Sep/21 6:09 AM,,0,,,Aaheli Das,612ef77a8bb88c006f3e353f,,,,,,,,,,,RP-171,,,,,,,,,{},,,,,,,0|i0008i:zk,,Products Sprint,,,,,,,,Done
"To verify if on clicking on ""Cancel"" button on the ""Edit Product"" page, Admin is redirected to original page",RP-162,10197,Test,Done,RP,Retails_Products,software,Aaheli Das,612ef77a8bb88c006f3e353f,,Medium,Done,Aaheli Das,612ef77a8bb88c006f3e353f,Aaheli Das,612ef77a8bb88c006f3e353f,Aaheli Das,612ef77a8bb88c006f3e353f,06/Sep/21 11:11 AM,08/Sep/21 3:51 PM,09/Sep/21 4:50 AM,07/Sep/21 6:08 AM,,0,,,Aaheli Das,612ef77a8bb88c006f3e353f,,,,,,,,,,,RP-171,,,,,,,,,{},,,,,,,0|i0008i:zm,,Products Sprint,,,,,,,,Done
"To verify if ""Link"" option can be  edited in ""Description"" field",RP-161,10196,Test,Done,RP,Retails_Products,software,Aaheli Das,612ef77a8bb88c006f3e353f,,Medium,Done,Aaheli Das,612ef77a8bb88c006f3e353f,Aaheli Das,612ef77a8bb88c006f3e353f,Aaheli Das,612ef77a8bb88c006f3e353f,06/Sep/21 11:11 AM,08/Sep/21 3:50 PM,09/Sep/21 4:50 AM,07/Sep/21 6:08 AM,,0,,,Aaheli Das,612ef77a8bb88c006f3e353f,,,,,,,,,,,RP-171,,,,,,,,,{},,,,,,,0|i0008i:zy,,Products Sprint,,,,,,,,Done
"To verify if ""Table"" option can be used  in ""Description"" field to add tables",RP-160,10195,Test,Done,RP,Retails_Products,software,Aaheli Das,612ef77a8bb88c006f3e353f,,Medium,Done,Aaheli Das,612ef77a8bb88c006f3e353f,Aaheli Das,612ef77a8bb88c006f3e353f,Aaheli Das,612ef77a8bb88c006f3e353f,06/Sep/21 11:11 AM,08/Sep/21 3:52 PM,09/Sep/21 4:50 AM,07/Sep/21 6:09 AM,,0,,,Aaheli Das,612ef77a8bb88c006f3e353f,,,,,,,,,,,RP-171,,,,,,,,,{},,,,,,,0|i0008i:z4,,Products Sprint,,,,,,,,Done
"To verify if ""Link"" option can be used to add links in ""Description"" field",RP-159,10194,Test,Done,RP,Retails_Products,software,Aaheli Das,612ef77a8bb88c006f3e353f,,Medium,Done,Aaheli Das,612ef77a8bb88c006f3e353f,Aaheli Das,612ef77a8bb88c006f3e353f,Aaheli Das,612ef77a8bb88c006f3e353f,06/Sep/21 11:10 AM,08/Sep/21 3:52 PM,09/Sep/21 4:50 AM,07/Sep/21 6:10 AM,,0,,,Aaheli Das,612ef77a8bb88c006f3e353f,,,,,,,,,,,RP-171,,,,,,,,,{},,,,,,,0|i0008i:z9,,Products Sprint,,,,,,,,Done
"To verify if text typed has color on clicking ""Recent Color"" in ""Description"" field",RP-158,10193,Test,Done,RP,Retails_Products,software,Aaheli Das,612ef77a8bb88c006f3e353f,,Medium,Done,Aaheli Das,612ef77a8bb88c006f3e353f,Aaheli Das,612ef77a8bb88c006f3e353f,Aaheli Das,612ef77a8bb88c006f3e353f,06/Sep/21 11:10 AM,08/Sep/21 3:50 PM,09/Sep/21 4:50 AM,07/Sep/21 6:08 AM,,0,,,Aaheli Das,612ef77a8bb88c006f3e353f,,,,,,,,,,,RP-171,,,,,,,,,{},,,,,,,0|i0008i:zwr,,Products Sprint,,,,,,,,Done
"To verify if on clicking ""Remove Font Style"" in ""Description"" field all styles are removed",RP-157,10192,Test,Done,RP,Retails_Products,software,Aaheli Das,612ef77a8bb88c006f3e353f,,Medium,Done,Aaheli Das,612ef77a8bb88c006f3e353f,Aaheli Das,612ef77a8bb88c006f3e353f,Aaheli Das,612ef77a8bb88c006f3e353f,06/Sep/21 11:10 AM,08/Sep/21 3:50 PM,09/Sep/21 4:50 AM,07/Sep/21 6:08 AM,,0,,,Aaheli Das,612ef77a8bb88c006f3e353f,,,,,,,,,,,RP-171,,,,,,,,,{},,,,,,,0|i0008i:zwi,,Products Sprint,,,,,,,,Done
"To verify if ""Video"" option can be used to add videos in ""Description"" field",RP-156,10191,Test,Done,RP,Retails_Products,software,Aaheli Das,612ef77a8bb88c006f3e353f,,Medium,Done,Aaheli Das,612ef77a8bb88c006f3e353f,Aaheli Das,612ef77a8bb88c006f3e353f,Aaheli Das,612ef77a8bb88c006f3e353f,06/Sep/21 11:10 AM,08/Sep/21 3:52 PM,09/Sep/21 4:50 AM,07/Sep/21 6:09 AM,,0,,,Aaheli Das,612ef77a8bb88c006f3e353f,,,,,,,,,,,RP-171,,,,,,,,,{},,,,,,,0|i0008i:yu,,Products Sprint,,,,,,,,Done
"To verify if on clicking on ""Save"" button on the ""Edit Product"" page, data is stored",RP-155,10190,Test,Done,RP,Retails_Products,software,Aaheli Das,612ef77a8bb88c006f3e353f,,Medium,Done,Aaheli Das,612ef77a8bb88c006f3e353f,Aaheli Das,612ef77a8bb88c006f3e353f,Aaheli Das,612ef77a8bb88c006f3e353f,06/Sep/21 11:10 AM,08/Sep/21 3:52 PM,09/Sep/21 4:50 AM,07/Sep/21 6:09 AM,,0,,,Aaheli Das,612ef77a8bb88c006f3e353f,,,,,,,,,,,RP-171,,,,,,,,,{},,,,,,,0|i0008i:yt,,Products Sprint,,,,,,,,Done
"To verify if clicking ""Code View"" opens the coding page and anything written in it is reflected in the original page",RP-154,10189,Test,Done,RP,Retails_Products,software,Aaheli Das,612ef77a8bb88c006f3e353f,,Medium,Done,Aaheli Das,612ef77a8bb88c006f3e353f,Aaheli Das,612ef77a8bb88c006f3e353f,Aaheli Das,612ef77a8bb88c006f3e353f,06/Sep/21 11:10 AM,08/Sep/21 3:53 PM,09/Sep/21 4:50 AM,07/Sep/21 6:10 AM,,0,,,Aaheli Das,612ef77a8bb88c006f3e353f,,,,,,,,,,,RP-171,,,,,,,,,{},,,,,,,0|i0008i:y9,,Products Sprint,,,,,,,,Done
"To verify if the ""Full Screen"" option opens the ""Description"" field in full screen",RP-153,10188,Test,Done,RP,Retails_Products,software,Aaheli Das,612ef77a8bb88c006f3e353f,,Medium,Done,Aaheli Das,612ef77a8bb88c006f3e353f,Aaheli Das,612ef77a8bb88c006f3e353f,Aaheli Das,612ef77a8bb88c006f3e353f,06/Sep/21 11:10 AM,08/Sep/21 3:50 PM,09/Sep/21 4:50 AM,07/Sep/21 6:09 AM,,0,,,Aaheli Das,612ef77a8bb88c006f3e353f,,,,,,,,,,,RP-171,,,,,,,,,{},,,,,,,0|i0008i:zw,,Products Sprint,,,,,,,,Done
"To verify if on hovering mouse on ""Font Family"" present in ""Description"" displays comment and if on clicking it the dropdown appears",RP-152,10187,Test,Done,RP,Retails_Products,software,Aaheli Das,612ef77a8bb88c006f3e353f,,Medium,Done,Aaheli Das,612ef77a8bb88c006f3e353f,Aaheli Das,612ef77a8bb88c006f3e353f,Aaheli Das,612ef77a8bb88c006f3e353f,06/Sep/21 11:10 AM,08/Sep/21 3:50 PM,09/Sep/21 4:50 AM,07/Sep/21 6:08 AM,,0,,,Aaheli Das,612ef77a8bb88c006f3e353f,,,,,,,,,,,RP-171,,,,,,,,,{},,,,,,,0|i0008i:zx,,Products Sprint,,,,,,,,Done
"To verify if texted typed is bolded on clicking ""Bold"" in ""Description"" field",RP-151,10186,Test,Done,RP,Retails_Products,software,Aaheli Das,612ef77a8bb88c006f3e353f,,Medium,Done,Aaheli Das,612ef77a8bb88c006f3e353f,Aaheli Das,612ef77a8bb88c006f3e353f,Aaheli Das,612ef77a8bb88c006f3e353f,06/Sep/21 11:10 AM,08/Sep/21 3:51 PM,09/Sep/21 4:50 AM,07/Sep/21 6:09 AM,,0,,,Aaheli Das,612ef77a8bb88c006f3e353f,,,,,,,,,,,RP-171,,,,,,,,,{},,,,,,,0|i0008i:zv,,Products Sprint,,,,,,,,Done
"To verify if a style can be selected from the ""Style"" field",RP-150,10185,Test,Done,RP,Retails_Products,software,Aaheli Das,612ef77a8bb88c006f3e353f,,Medium,Done,Aaheli Das,612ef77a8bb88c006f3e353f,Aaheli Das,612ef77a8bb88c006f3e353f,Aaheli Das,612ef77a8bb88c006f3e353f,06/Sep/21 11:10 AM,08/Sep/21 3:51 PM,09/Sep/21 4:50 AM,07/Sep/21 6:09 AM,,0,,,Aaheli Das,612ef77a8bb88c006f3e353f,,,,,,,,,,,RP-171,,,,,,,,,{},,,,,,,0|i0008i:zr,,Products Sprint,,,,,,,,Done
"To verify if on hovering mouse on ""Style"" present in ""Description"" displays comment and if on clicking it the dropdown appears",RP-149,10184,Test,Done,RP,Retails_Products,software,Aaheli Das,612ef77a8bb88c006f3e353f,,Medium,Done,Aaheli Das,612ef77a8bb88c006f3e353f,Aaheli Das,612ef77a8bb88c006f3e353f,Aaheli Das,612ef77a8bb88c006f3e353f,06/Sep/21 11:09 AM,08/Sep/21 3:52 PM,09/Sep/21 4:50 AM,07/Sep/21 6:10 AM,,0,,,Aaheli Das,612ef77a8bb88c006f3e353f,,,,,,,,,,,RP-171,,,,,,,,,{},,,,,,,0|i0008i:yv,,Products Sprint,,,,,,,,Done
"To verify if ""Unordered List"" option can be used  in ""Description"" field to unordered list",RP-148,10183,Test,Done,RP,Retails_Products,software,Aaheli Das,612ef77a8bb88c006f3e353f,,Medium,Done,Aaheli Das,612ef77a8bb88c006f3e353f,Aaheli Das,612ef77a8bb88c006f3e353f,Aaheli Das,612ef77a8bb88c006f3e353f,06/Sep/21 11:09 AM,08/Sep/21 3:52 PM,09/Sep/21 4:50 AM,07/Sep/21 6:10 AM,,0,,,Aaheli Das,612ef77a8bb88c006f3e353f,,,,,,,,,,,RP-171,,,,,,,,,{},,,,,,,0|i0008i:yr,,Products Sprint,,,,,,,,Done
"To verify if on dragging the white bar at the bottom of ""Description"" field expands the field",RP-147,10182,Test,Done,RP,Retails_Products,software,Aaheli Das,612ef77a8bb88c006f3e353f,,Medium,Done,Aaheli Das,612ef77a8bb88c006f3e353f,Aaheli Das,612ef77a8bb88c006f3e353f,Aaheli Das,612ef77a8bb88c006f3e353f,06/Sep/21 11:09 AM,08/Sep/21 3:53 PM,09/Sep/21 4:50 AM,07/Sep/21 6:08 AM,,0,,,Aaheli Das,612ef77a8bb88c006f3e353f,,,,,,,,,,,RP-171,,,,,,,,,{},,,,,,,0|i0008i:w9,,Products Sprint,,,,,,,,Done
"To verify if the shortcut keys are displayed when ""Help"" is clicked in the ""Description field"" and can be closed of clicking the ""x"" on the top right corner",RP-146,10181,Test,Done,RP,Retails_Products,software,Aaheli Das,612ef77a8bb88c006f3e353f,,Medium,Done,Aaheli Das,612ef77a8bb88c006f3e353f,Aaheli Das,612ef77a8bb88c006f3e353f,Aaheli Das,612ef77a8bb88c006f3e353f,06/Sep/21 11:08 AM,08/Sep/21 3:53 PM,09/Sep/21 4:50 AM,07/Sep/21 6:10 AM,,0,,,Aaheli Das,612ef77a8bb88c006f3e353f,,,,,,,,,,,RP-171,,,,,,,,,{},,,,,,,0|i0008i:yi,,Products Sprint,,,,,,,,Done
"To verify if on selecting a font from ""Font family"" texts appear in the selected font",RP-145,10180,Test,Blocked,RP,Retails_Products,software,Aaheli Das,612ef77a8bb88c006f3e353f,,Medium,,Aaheli Das,612ef77a8bb88c006f3e353f,Aaheli Das,612ef77a8bb88c006f3e353f,Aaheli Das,612ef77a8bb88c006f3e353f,06/Sep/21 11:08 AM,09/Sep/21 3:38 AM,09/Sep/21 4:50 AM,,,0,,,Aaheli Das,612ef77a8bb88c006f3e353f,,,,,,,,,,,RP-171,,,,,,,,,{},,,,,,,0|i0008i:wr,,Products Sprint,,,,,,,,In Progress
"To verify if other colors can be added from ""More Color""",RP-144,10179,Test,Done,RP,Retails_Products,software,Aaheli Das,612ef77a8bb88c006f3e353f,,Medium,Done,Aaheli Das,612ef77a8bb88c006f3e353f,Aaheli Das,612ef77a8bb88c006f3e353f,Aaheli Das,612ef77a8bb88c006f3e353f,06/Sep/21 11:08 AM,08/Sep/21 3:51 PM,09/Sep/21 4:50 AM,07/Sep/21 6:10 AM,,0,,,Aaheli Das,612ef77a8bb88c006f3e353f,,,,,,,,,,,RP-171,,,,,,,,,{},,,,,,,0|i0008i:zi,,Products Sprint,,,,,,,,Done
"To verify if on hovering mouse on the ""Description"" field, the cursor becomes a text cursor and on clicking it becomes a blinking text cursor",RP-143,10178,Test,Done,RP,Retails_Products,software,Aaheli Das,612ef77a8bb88c006f3e353f,,Medium,Done,Aaheli Das,612ef77a8bb88c006f3e353f,Aaheli Das,612ef77a8bb88c006f3e353f,Aaheli Das,612ef77a8bb88c006f3e353f,06/Sep/21 11:08 AM,08/Sep/21 3:52 PM,09/Sep/21 4:50 AM,07/Sep/21 6:09 AM,,0,,,Aaheli Das,612ef77a8bb88c006f3e353f,,,,,,,,,,,RP-171,,,,,,,,,{},,,,,,,0|i0008i:z,,Products Sprint,,,,,,,,Done
"To verify if after clicking, when mouse is hovered away from ""Product Name"" form it glows",RP-142,10177,Test,Done,RP,Retails_Products,software,Aaheli Das,612ef77a8bb88c006f3e353f,,Medium,Done,Aaheli Das,612ef77a8bb88c006f3e353f,Aaheli Das,612ef77a8bb88c006f3e353f,Aaheli Das,612ef77a8bb88c006f3e353f,06/Sep/21 11:08 AM,08/Sep/21 3:53 PM,09/Sep/21 4:50 AM,07/Sep/21 6:11 AM,,0,,,Aaheli Das,612ef77a8bb88c006f3e353f,,,,,,,,,,,RP-171,,,,,,,,,{},,,,,,,0|i0008i:xi,,Products Sprint,,,,,,,,Done
"To verify if texted typed is underlined on clicking ""Underline"" in ""Description"" field",RP-141,10176,Test,Done,RP,Retails_Products,software,Aaheli Das,612ef77a8bb88c006f3e353f,,Medium,Done,Aaheli Das,612ef77a8bb88c006f3e353f,Aaheli Das,612ef77a8bb88c006f3e353f,Aaheli Das,612ef77a8bb88c006f3e353f,06/Sep/21 11:08 AM,08/Sep/21 3:53 PM,09/Sep/21 4:50 AM,07/Sep/21 6:10 AM,,0,,,Aaheli Das,612ef77a8bb88c006f3e353f,,,,,,,,,,,RP-171,,,,,,,,,{},,,,,,,0|i0008i:y,,Products Sprint,,,,,,,,Done
"To verify that if ""Product Tags"" field can accept white spaces",RP-140,10175,Test,Done,RP,Retails_Products,software,Aaheli Das,612ef77a8bb88c006f3e353f,,Medium,Done,Aaheli Das,612ef77a8bb88c006f3e353f,Aaheli Das,612ef77a8bb88c006f3e353f,Aaheli Das,612ef77a8bb88c006f3e353f,06/Sep/21 11:08 AM,08/Sep/21 3:54 PM,09/Sep/21 4:50 AM,07/Sep/21 6:13 AM,,0,,,Aaheli Das,612ef77a8bb88c006f3e353f,,,,,,,,,,,RP-171,,,,,,,,,{},,,,,,,0|i0008i:o,,Products Sprint,,,,,,,,Done
"To verify that if ""Product Tags"" field can accept numerical values and special characters",RP-139,10174,Test,Done,RP,Retails_Products,software,Aaheli Das,612ef77a8bb88c006f3e353f,,Medium,Done,Aaheli Das,612ef77a8bb88c006f3e353f,Aaheli Das,612ef77a8bb88c006f3e353f,Aaheli Das,612ef77a8bb88c006f3e353f,06/Sep/21 11:08 AM,08/Sep/21 3:53 PM,09/Sep/21 4:50 AM,07/Sep/21 6:11 AM,,0,,,Aaheli Das,612ef77a8bb88c006f3e353f,,,,,,,,,,,RP-171,,,,,,,,,{},,,,,,,0|i0008i:wi,,Products Sprint,,,,,,,,Done
"To verify that if ""Product Tags"" field has the required placeholder",RP-138,10173,Test,Done,RP,Retails_Products,software,Aaheli Das,612ef77a8bb88c006f3e353f,,Medium,Done,Aaheli Das,612ef77a8bb88c006f3e353f,Aaheli Das,612ef77a8bb88c006f3e353f,Aaheli Das,612ef77a8bb88c006f3e353f,06/Sep/21 11:08 AM,08/Sep/21 3:54 PM,09/Sep/21 4:50 AM,07/Sep/21 6:11 AM,,0,,,Aaheli Das,612ef77a8bb88c006f3e353f,,,,,,,,,,,RP-171,,,,,,,,,{},,,,,,,0|i0008i:w,,Products Sprint,,,,,,,,Done
"To verify that if ""Product Tags"" can be left NULL",RP-137,10172,Test,Done,RP,Retails_Products,software,Aaheli Das,612ef77a8bb88c006f3e353f,,Medium,Done,Aaheli Das,612ef77a8bb88c006f3e353f,Aaheli Das,612ef77a8bb88c006f3e353f,Aaheli Das,612ef77a8bb88c006f3e353f,06/Sep/21 11:08 AM,08/Sep/21 3:53 PM,09/Sep/21 4:50 AM,07/Sep/21 6:11 AM,,0,,,Aaheli Das,612ef77a8bb88c006f3e353f,,,,,,,,,,,RP-171,,,,,,,,,{},,,,,,,0|i0008i:x,,Products Sprint,,,,,,,,Done
"To verify that if ""Meta Tag Keywords"" field can accept white spaces",RP-136,10171,Test,Done,RP,Retails_Products,software,Aaheli Das,612ef77a8bb88c006f3e353f,,Medium,Done,Aaheli Das,612ef77a8bb88c006f3e353f,Aaheli Das,612ef77a8bb88c006f3e353f,Aaheli Das,612ef77a8bb88c006f3e353f,06/Sep/21 11:08 AM,08/Sep/21 3:54 PM,09/Sep/21 4:50 AM,07/Sep/21 6:09 AM,,0,,,Aaheli Das,612ef77a8bb88c006f3e353f,,,,,,,,,,,RP-171,,,,,,,,,{},,,,,,,0|i0008i:u,,Products Sprint,,,,,,,,Done
"To verify that if ""Meta Tag Keywords"" field can accept numerical values and special characters",RP-135,10170,Test,Done,RP,Retails_Products,software,Aaheli Das,612ef77a8bb88c006f3e353f,,Medium,Done,Aaheli Das,612ef77a8bb88c006f3e353f,Aaheli Das,612ef77a8bb88c006f3e353f,Aaheli Das,612ef77a8bb88c006f3e353f,06/Sep/21 11:07 AM,08/Sep/21 3:54 PM,09/Sep/21 4:50 AM,07/Sep/21 6:13 AM,,0,,,Aaheli Das,612ef77a8bb88c006f3e353f,,,,,,,,,,,RP-171,,,,,,,,,{},,,,,,,0|i0008i:t,,Products Sprint,,,,,,,,Done
" To verify that if ""Meta Tag Keyword"" field has the required placeholder",RP-134,10169,Test,Done,RP,Retails_Products,software,Aaheli Das,612ef77a8bb88c006f3e353f,,Medium,Done,Aaheli Das,612ef77a8bb88c006f3e353f,Aaheli Das,612ef77a8bb88c006f3e353f,Aaheli Das,612ef77a8bb88c006f3e353f,06/Sep/21 11:07 AM,08/Sep/21 3:54 PM,09/Sep/21 4:50 AM,07/Sep/21 6:12 AM,,0,,,Aaheli Das,612ef77a8bb88c006f3e353f,,,,,,,,,,,RP-171,,,,,,,,,{},,,,,,,0|i0008i:m,,Products Sprint,,,,,,,,Done
"To verify that if ""Meta Tag Keywords"" can be left NULL",RP-133,10168,Test,Done,RP,Retails_Products,software,Aaheli Das,612ef77a8bb88c006f3e353f,,Medium,Done,Aaheli Das,612ef77a8bb88c006f3e353f,Aaheli Das,612ef77a8bb88c006f3e353f,Aaheli Das,612ef77a8bb88c006f3e353f,06/Sep/21 11:07 AM,08/Sep/21 3:54 PM,09/Sep/21 4:50 AM,07/Sep/21 6:12 AM,,0,,,Aaheli Das,612ef77a8bb88c006f3e353f,,,,,,,,,,,RP-171,,,,,,,,,{},,,,,,,0|i0008i:v,,Products Sprint,,,,,,,,Done
"To verify if after clicking, when mouse is hovered away from ""Meta Tag Keyword "" form it glows",RP-132,10167,Test,Done,RP,Retails_Products,software,Aaheli Das,612ef77a8bb88c006f3e353f,,Medium,Done,Aaheli Das,612ef77a8bb88c006f3e353f,Aaheli Das,612ef77a8bb88c006f3e353f,Aaheli Das,612ef77a8bb88c006f3e353f,06/Sep/21 11:07 AM,08/Sep/21 3:54 PM,09/Sep/21 4:50 AM,07/Sep/21 6:10 AM,,0,,,Aaheli Das,612ef77a8bb88c006f3e353f,,,,,,,,,,,RP-171,,,,,,,,,{},,,,,,,0|i0008i:7,,Products Sprint,,,,,,,,Done
"To verify if when mouse is hovered away from ""Product Tags"" form it glows",RP-131,10166,Test,Done,RP,Retails_Products,software,Aaheli Das,612ef77a8bb88c006f3e353f,,Medium,Done,Aaheli Das,612ef77a8bb88c006f3e353f,Aaheli Das,612ef77a8bb88c006f3e353f,Aaheli Das,612ef77a8bb88c006f3e353f,06/Sep/21 11:07 AM,08/Sep/21 3:55 PM,09/Sep/21 4:50 AM,07/Sep/21 6:08 AM,,0,,,Aaheli Das,612ef77a8bb88c006f3e353f,,,,,,,,,,,RP-171,,,,,,,,,{},,,,,,,0|i0008h:m,,Products Sprint,,,,,,,,Done
"To verify if after clicking, when mouse is hovered away from ""Meta Tag Type"" form it glows",RP-130,10165,Test,Done,RP,Retails_Products,software,Aaheli Das,612ef77a8bb88c006f3e353f,,Medium,Done,Aaheli Das,612ef77a8bb88c006f3e353f,Aaheli Das,612ef77a8bb88c006f3e353f,Aaheli Das,612ef77a8bb88c006f3e353f,06/Sep/21 11:07 AM,08/Sep/21 3:55 PM,09/Sep/21 4:50 AM,07/Sep/21 6:08 AM,,0,,,Aaheli Das,612ef77a8bb88c006f3e353f,,,,,,,,,,,RP-171,,,,,,,,,{},,,,,,,0|i0008i:6,,Products Sprint,,,,,,,,Done
"To verify that if ""Meta Tag Description"" field can accept numerical values and special characters",RP-129,10164,Test,Done,RP,Retails_Products,software,Aaheli Das,612ef77a8bb88c006f3e353f,,Medium,Done,Aaheli Das,612ef77a8bb88c006f3e353f,Aaheli Das,612ef77a8bb88c006f3e353f,Aaheli Das,612ef77a8bb88c006f3e353f,06/Sep/21 11:07 AM,08/Sep/21 3:55 PM,09/Sep/21 4:50 AM,07/Sep/21 6:13 AM,,0,,,Aaheli Das,612ef77a8bb88c006f3e353f,,,,,,,,,,,RP-171,,,,,,,,,{},,,,,,,0|i0008i:4,,Products Sprint,,,,,,,,Done
" To verify if after clicking, when mouse is hovered away from ""Meta Tag Description"" form it glows",RP-128,10163,Test,Done,RP,Retails_Products,software,Aaheli Das,612ef77a8bb88c006f3e353f,,Medium,Done,Aaheli Das,612ef77a8bb88c006f3e353f,Aaheli Das,612ef77a8bb88c006f3e353f,Aaheli Das,612ef77a8bb88c006f3e353f,06/Sep/21 11:07 AM,08/Sep/21 3:54 PM,09/Sep/21 4:50 AM,07/Sep/21 6:13 AM,,0,,,Aaheli Das,612ef77a8bb88c006f3e353f,,,,,,,,,,,RP-171,,,,,,,,,{},,,,,,,0|i0008i:r,,Products Sprint,,,,,,,,Done
"To verify that if ""Meta Tag Description"" field can accept white spaces",RP-127,10162,Test,Done,RP,Retails_Products,software,Aaheli Das,612ef77a8bb88c006f3e353f,,Medium,Done,Aaheli Das,612ef77a8bb88c006f3e353f,Aaheli Das,612ef77a8bb88c006f3e353f,Aaheli Das,612ef77a8bb88c006f3e353f,06/Sep/21 11:07 AM,08/Sep/21 3:56 PM,09/Sep/21 4:50 AM,07/Sep/21 6:08 AM,,0,,,Aaheli Das,612ef77a8bb88c006f3e353f,,,,,,,,,,,RP-171,,,,,,,,,{},,,,,,,0|i0008f:m,,Products Sprint,,,,,,,,Done
"To verify that if ""Meta Tag Description"" field has the required placeholder",RP-126,10161,Test,Done,RP,Retails_Products,software,Aaheli Das,612ef77a8bb88c006f3e353f,,Medium,Done,Aaheli Das,612ef77a8bb88c006f3e353f,Aaheli Das,612ef77a8bb88c006f3e353f,Aaheli Das,612ef77a8bb88c006f3e353f,06/Sep/21 11:07 AM,08/Sep/21 3:54 PM,09/Sep/21 4:50 AM,07/Sep/21 6:13 AM,,0,,,Aaheli Das,612ef77a8bb88c006f3e353f,,,,,,,,,,,RP-171,,,,,,,,,{},,,,,,,0|i0008i:9,,Products Sprint,,,,,,,,Done
"To verify that if ""Meta Tag Description"" can be left NULL",RP-125,10160,Test,Done,RP,Retails_Products,software,Aaheli Das,612ef77a8bb88c006f3e353f,,Medium,Done,Aaheli Das,612ef77a8bb88c006f3e353f,Aaheli Das,612ef77a8bb88c006f3e353f,Aaheli Das,612ef77a8bb88c006f3e353f,06/Sep/21 11:07 AM,08/Sep/21 3:56 PM,09/Sep/21 4:50 AM,07/Sep/21 6:08 AM,,0,,,Aaheli Das,612ef77a8bb88c006f3e353f,,,,,,,,,,,RP-171,,,,,,,,,{},,,,,,,0|i0008f:r,,Products Sprint,,,,,,,,Done
"To verify that if ""Meta Tag Title"" field can accept white spaces",RP-124,10159,Test,Done,RP,Retails_Products,software,Aaheli Das,612ef77a8bb88c006f3e353f,,Medium,Done,Aaheli Das,612ef77a8bb88c006f3e353f,Aaheli Das,612ef77a8bb88c006f3e353f,Aaheli Das,612ef77a8bb88c006f3e353f,06/Sep/21 11:07 AM,08/Sep/21 3:54 PM,09/Sep/21 4:50 AM,07/Sep/21 6:08 AM,,0,,,Aaheli Das,612ef77a8bb88c006f3e353f,,,,,,,,,,,RP-171,,,,,,,,,{},,,,,,,0|i0008i:i,,Products Sprint,,,,,,,,Done
"To verify that if ""Meta Tag Title"" can be left NULL",RP-123,10158,Test,Done,RP,Retails_Products,software,Aaheli Das,612ef77a8bb88c006f3e353f,,Medium,Done,Aaheli Das,612ef77a8bb88c006f3e353f,Aaheli Das,612ef77a8bb88c006f3e353f,Aaheli Das,612ef77a8bb88c006f3e353f,06/Sep/21 11:07 AM,08/Sep/21 3:55 PM,09/Sep/21 4:50 AM,07/Sep/21 6:12 AM,,0,,,Aaheli Das,612ef77a8bb88c006f3e353f,,,,,,,,,,,RP-171,,,,,,,,,{},,,,,,,0|i0008h:r,,Products Sprint,,,,,,,,Done
"To verify that ""Meta Tag Title"" is of length between 3-255",RP-122,10157,Test,Done,RP,Retails_Products,software,Aaheli Das,612ef77a8bb88c006f3e353f,,Medium,Done,Aaheli Das,612ef77a8bb88c006f3e353f,Aaheli Das,612ef77a8bb88c006f3e353f,Aaheli Das,612ef77a8bb88c006f3e353f,06/Sep/21 11:06 AM,08/Sep/21 3:55 PM,09/Sep/21 4:50 AM,07/Sep/21 6:12 AM,,0,,,Aaheli Das,612ef77a8bb88c006f3e353f,,,,,,,,,,,RP-171,,,,,,,,,{},,,,,,,0|i0008h:i,,Products Sprint,,,,,,,,Done
"To verify that if ""Meta Tag Title"" field has the required placeholder",RP-121,10156,Test,Done,RP,Retails_Products,software,Aaheli Das,612ef77a8bb88c006f3e353f,,Medium,Done,Aaheli Das,612ef77a8bb88c006f3e353f,Aaheli Das,612ef77a8bb88c006f3e353f,Aaheli Das,612ef77a8bb88c006f3e353f,06/Sep/21 11:06 AM,08/Sep/21 3:55 PM,09/Sep/21 4:50 AM,07/Sep/21 6:08 AM,,0,,,Aaheli Das,612ef77a8bb88c006f3e353f,,,,,,,,,,,RP-171,,,,,,,,,{},,,,,,,0|i0008i:,,Products Sprint,,,,,,,,Done
"To verify that if ""Product Name"" field is marked Mandatory",RP-120,10155,Test,Done,RP,Retails_Products,software,Aaheli Das,612ef77a8bb88c006f3e353f,,Medium,Done,Aaheli Das,612ef77a8bb88c006f3e353f,Aaheli Das,612ef77a8bb88c006f3e353f,Aaheli Das,612ef77a8bb88c006f3e353f,06/Sep/21 11:06 AM,08/Sep/21 3:56 PM,09/Sep/21 4:50 AM,07/Sep/21 6:08 AM,,0,,,Aaheli Das,612ef77a8bb88c006f3e353f,,,,,,,,,,,RP-171,,,,,,,,,{},,,,,,,0|i0008f:i,,Products Sprint,,,,,,,,Done
"To verify that if ""Meta Tag Title"" field is marked Mandatory",RP-119,10154,Test,Done,RP,Retails_Products,software,Aaheli Das,612ef77a8bb88c006f3e353f,,Medium,Done,Aaheli Das,612ef77a8bb88c006f3e353f,Aaheli Das,612ef77a8bb88c006f3e353f,Aaheli Das,612ef77a8bb88c006f3e353f,06/Sep/21 11:06 AM,08/Sep/21 3:56 PM,09/Sep/21 4:50 AM,07/Sep/21 6:12 AM,,0,,,Aaheli Das,612ef77a8bb88c006f3e353f,,,,,,,,,,,RP-171,,,,,,,,,{},,,,,,,0|i0008e:,,Products Sprint,,,,,,,,Done
"To verify that if ""Product Name"" field has the required placeholder",RP-118,10153,Test,Done,RP,Retails_Products,software,Aaheli Das,612ef77a8bb88c006f3e353f,,Medium,Done,Aaheli Das,612ef77a8bb88c006f3e353f,Aaheli Das,612ef77a8bb88c006f3e353f,Aaheli Das,612ef77a8bb88c006f3e353f,06/Sep/21 11:06 AM,08/Sep/21 3:55 PM,09/Sep/21 4:50 AM,07/Sep/21 6:08 AM,,0,,,Aaheli Das,612ef77a8bb88c006f3e353f,,,,,,,,,,,RP-171,,,,,,,,,{},,,,,,,0|i0008g:i,,Products Sprint,,,,,,,,Done
"To verify that if ""Product Name"" can be left NULL",RP-117,10152,Test,Done,RP,Retails_Products,software,Aaheli Das,612ef77a8bb88c006f3e353f,,Medium,Done,Aaheli Das,612ef77a8bb88c006f3e353f,Aaheli Das,612ef77a8bb88c006f3e353f,Aaheli Das,612ef77a8bb88c006f3e353f,06/Sep/21 11:06 AM,08/Sep/21 3:55 PM,09/Sep/21 4:50 AM,07/Sep/21 6:10 AM,,0,,,Aaheli Das,612ef77a8bb88c006f3e353f,,,,,,,,,,,RP-171,,,,,,,,,{},,,,,,,0|i0008g:,,Products Sprint,,,,,,,,Done
"To verify that ""Product Name"" is of length between 3-255",RP-116,10151,Test,Done,RP,Retails_Products,software,Aaheli Das,612ef77a8bb88c006f3e353f,,Medium,Done,Aaheli Das,612ef77a8bb88c006f3e353f,Aaheli Das,612ef77a8bb88c006f3e353f,Aaheli Das,612ef77a8bb88c006f3e353f,06/Sep/21 11:06 AM,08/Sep/21 3:55 PM,09/Sep/21 4:50 AM,07/Sep/21 6:12 AM,,0,,,Aaheli Das,612ef77a8bb88c006f3e353f,,,,,,,,,,,RP-171,,,,,,,,,{},,,,,,,0|i0008h:,,Products Sprint,,,,,,,,Done
"To verify that if ""Product Name"" field can accept white spaces",RP-115,10150,Test,Done,RP,Retails_Products,software,Aaheli Das,612ef77a8bb88c006f3e353f,,Medium,Done,Aaheli Das,612ef77a8bb88c006f3e353f,Aaheli Das,612ef77a8bb88c006f3e353f,Aaheli Das,612ef77a8bb88c006f3e353f,06/Sep/21 11:06 AM,08/Sep/21 3:56 PM,09/Sep/21 4:50 AM,07/Sep/21 6:12 AM,,0,,,Aaheli Das,612ef77a8bb88c006f3e353f,,,,,,,,,,,RP-171,,,,,,,,,{},,,,,,,0|i0008d:,,Products Sprint,,,,,,,,Done
"To verify that if ""Meta Tag Title"" field can accept numerical values and special characters",RP-114,10149,Test,Done,RP,Retails_Products,software,Aaheli Das,612ef77a8bb88c006f3e353f,,Medium,Done,Aaheli Das,612ef77a8bb88c006f3e353f,Aaheli Das,612ef77a8bb88c006f3e353f,Aaheli Das,612ef77a8bb88c006f3e353f,06/Sep/21 11:05 AM,08/Sep/21 3:56 PM,09/Sep/21 4:50 AM,07/Sep/21 6:13 AM,,0,,,Aaheli Das,612ef77a8bb88c006f3e353f,,,,,,,,,,,RP-171,,,,,,,,,{},,,,,,,0|i0008f:,,Products Sprint,,,,,,,,Done
"To verify that if ""Product Name"" field can accept numerical values and special characters",RP-113,10148,Test,Done,RP,Retails_Products,software,Aaheli Das,612ef77a8bb88c006f3e353f,,Medium,Done,Aaheli Das,612ef77a8bb88c006f3e353f,Aaheli Das,612ef77a8bb88c006f3e353f,Aaheli Das,612ef77a8bb88c006f3e353f,06/Sep/21 11:05 AM,08/Sep/21 3:56 PM,09/Sep/21 4:50 AM,07/Sep/21 6:08 AM,,0,,,Aaheli Das,612ef77a8bb88c006f3e353f,,,,,,,,,,,RP-171,,,,,,,,,{},,,,,,,0|i00089:,,Products Sprint,,,,,,,,Done
"To verify if on clicking the ""Edit"" button, it opens the ""Edit"" page",RP-112,10147,Test,Done,RP,Retails_Products,software,Aaheli Das,612ef77a8bb88c006f3e353f,,Medium,Done,Aaheli Das,612ef77a8bb88c006f3e353f,Aaheli Das,612ef77a8bb88c006f3e353f,Aaheli Das,612ef77a8bb88c006f3e353f,06/Sep/21 11:05 AM,08/Sep/21 3:50 PM,09/Sep/21 4:50 AM,07/Sep/21 6:06 AM,,0,,,Aaheli Das,612ef77a8bb88c006f3e353f,,,,,,,,,,,RP-171,,,,,,,,,{},,,,,,,0|i0008j:,,Products Sprint,,,,,,,,Done
"To verify if when the mouse hovered the ""Edit"" button, it shows ""Edit"" comment",RP-111,10146,Test,Done,RP,Retails_Products,software,Aaheli Das,612ef77a8bb88c006f3e353f,,Medium,Done,Aaheli Das,612ef77a8bb88c006f3e353f,Aaheli Das,612ef77a8bb88c006f3e353f,Aaheli Das,612ef77a8bb88c006f3e353f,06/Sep/21 11:05 AM,08/Sep/21 3:56 PM,09/Sep/21 4:50 AM,07/Sep/21 6:08 AM,,0,,,Aaheli Das,612ef77a8bb88c006f3e353f,,,,,,,,,,,RP-171,,,,,,,,,{},,,,,,,0|i0008b:,,Products Sprint,,,,,,,,Done
"To verify if the products can be sorted according to ""Status""",RP-110,10145,Test,Done,RP,Retails_Products,software,Aaheli Das,612ef77a8bb88c006f3e353f,,Medium,Done,Aaheli Das,612ef77a8bb88c006f3e353f,Aaheli Das,612ef77a8bb88c006f3e353f,Aaheli Das,612ef77a8bb88c006f3e353f,06/Sep/21 10:04 AM,08/Sep/21 3:57 PM,09/Sep/21 4:50 AM,07/Sep/21 6:12 AM,,0,,,Aaheli Das,612ef77a8bb88c006f3e353f,,,,,,,,,,,RP-105,,,,,,,,,{},,,,,,,0|i00081:,,Products Sprint,,,,,,,,Done
"To verify if the products can be sorted according to ""Quantity""",RP-109,10144,Test,Done,RP,Retails_Products,software,Aaheli Das,612ef77a8bb88c006f3e353f,,Medium,Done,Aaheli Das,612ef77a8bb88c006f3e353f,Aaheli Das,612ef77a8bb88c006f3e353f,Aaheli Das,612ef77a8bb88c006f3e353f,06/Sep/21 9:56 AM,08/Sep/21 3:57 PM,09/Sep/21 4:50 AM,07/Sep/21 6:13 AM,,0,,,Aaheli Das,612ef77a8bb88c006f3e353f,,,,,,,,,,,RP-105,,,,,,,,,{},,,,,,,0|i00080:,,Products Sprint,,,,,,,,Done
"To verify if the products can be sorted according to ""Price""",RP-108,10143,Test,Done,RP,Retails_Products,software,Aaheli Das,612ef77a8bb88c006f3e353f,,Medium,Done,Aaheli Das,612ef77a8bb88c006f3e353f,Aaheli Das,612ef77a8bb88c006f3e353f,Aaheli Das,612ef77a8bb88c006f3e353f,06/Sep/21 9:56 AM,08/Sep/21 3:57 PM,09/Sep/21 4:50 AM,07/Sep/21 6:13 AM,,0,,,Aaheli Das,612ef77a8bb88c006f3e353f,,,,,,,,,,,RP-105,,,,,,,,,{},,,,,,,0|i0007x:,,Products Sprint,,,,,,,,Done
"To verify if the products can be sorted according to ""Model""",RP-107,10142,Test,Done,RP,Retails_Products,software,Aaheli Das,612ef77a8bb88c006f3e353f,,Medium,Done,Aaheli Das,612ef77a8bb88c006f3e353f,Aaheli Das,612ef77a8bb88c006f3e353f,Aaheli Das,612ef77a8bb88c006f3e353f,06/Sep/21 9:55 AM,08/Sep/21 3:57 PM,09/Sep/21 4:50 AM,07/Sep/21 6:09 AM,,0,,,Aaheli Das,612ef77a8bb88c006f3e353f,,,,,,,,,,,RP-105,,,,,,,,,{},,,,,,,0|i00083:,,Products Sprint,,,,,,,,Done
"To verify if the products can be sorted according to ""Product Name""",RP-106,10141,Test,Done,RP,Retails_Products,software,Aaheli Das,612ef77a8bb88c006f3e353f,,Medium,Done,Aaheli Das,612ef77a8bb88c006f3e353f,Aaheli Das,612ef77a8bb88c006f3e353f,Aaheli Das,612ef77a8bb88c006f3e353f,06/Sep/21 9:47 AM,08/Sep/21 3:57 PM,09/Sep/21 4:50 AM,07/Sep/21 6:09 AM,,0,,,Aaheli Das,612ef77a8bb88c006f3e353f,,,,,,,,,,,RP-105,,,,,,,,,{},,,,,,,0|i0007s:,,Products Sprint,,,,,,,,Done
"As the admin, I want to be able to sort the available products according to my requirements ",RP-105,10140,Story,Done,RP,Retails_Products,software,Aaheli Das,612ef77a8bb88c006f3e353f,,Medium,Done,Aaheli Das,612ef77a8bb88c006f3e353f,Aaheli Das,612ef77a8bb88c006f3e353f,Aaheli Das,612ef77a8bb88c006f3e353f,06/Sep/21 9:12 AM,08/Sep/21 7:32 AM,09/Sep/21 4:50 AM,07/Sep/21 6:07 AM,,0,,,Aaheli Das,612ef77a8bb88c006f3e353f,,,,,,,,,,,RP-1,,,,,,,,,{},,,,,,,0|i0007h:,,Products Sprint,,,,,,,,Done
"As the admin, I want to be able to use the ""Copy"" button to duplicate products available",RP-104,10139,Story,Done,RP,Retails_Products,software,Aaheli Das,612ef77a8bb88c006f3e353f,,Medium,Done,Aaheli Das,612ef77a8bb88c006f3e353f,Aaheli Das,612ef77a8bb88c006f3e353f,Aaheli Das,612ef77a8bb88c006f3e353f,06/Sep/21 9:11 AM,08/Sep/21 7:31 AM,09/Sep/21 4:50 AM,07/Sep/21 6:07 AM,,0,,,Aaheli Das,612ef77a8bb88c006f3e353f,,,,,,,,,,,RP-1,,,,,,,,,{},,,,,,,0|i00073:9,,Products Sprint,,,,,,,,Done
"To verify if when the mouse is hovered on the ""Copy"" button, it shows comment ""Copy""",RP-103,10138,Test,Done,RP,Retails_Products,software,Aaheli Das,612ef77a8bb88c006f3e353f,,Medium,Done,Aaheli Das,612ef77a8bb88c006f3e353f,Aaheli Das,612ef77a8bb88c006f3e353f,Aaheli Das,612ef77a8bb88c006f3e353f,06/Sep/21 9:09 AM,08/Sep/21 3:57 PM,09/Sep/21 4:50 AM,07/Sep/21 6:13 AM,,0,,,Aaheli Das,612ef77a8bb88c006f3e353f,,,,,,,,,,,RP-104,,,,,,,,,{},,,,,,,0|i00073:m,,Products Sprint,,,,,,,,Done
"To verify if when the mouse is hovered on the ""Delete"" button, it shows comment ""Delete""",RP-102,10137,Test,Done,RP,Retails_Products,software,Aaheli Das,612ef77a8bb88c006f3e353f,,Medium,Done,Aaheli Das,612ef77a8bb88c006f3e353f,Aaheli Das,612ef77a8bb88c006f3e353f,Aaheli Das,612ef77a8bb88c006f3e353f,06/Sep/21 9:05 AM,08/Sep/21 3:57 PM,09/Sep/21 4:50 AM,07/Sep/21 6:13 AM,,0,,,Aaheli Das,612ef77a8bb88c006f3e353f,,,,,,,,,,,RP-99,,,,,,,,,{},,,,,,,0|i00074:,,Products Sprint,,,,,,,,Done
"To verify if the ""Copy"" button can be used to copy products",RP-101,10136,Test,Done,RP,Retails_Products,software,Aaheli Das,612ef77a8bb88c006f3e353f,,Medium,Done,Aaheli Das,612ef77a8bb88c006f3e353f,Aaheli Das,612ef77a8bb88c006f3e353f,Aaheli Das,612ef77a8bb88c006f3e353f,06/Sep/21 9:05 AM,08/Sep/21 3:57 PM,09/Sep/21 4:50 AM,07/Sep/21 6:07 AM,,0,,,Aaheli Das,612ef77a8bb88c006f3e353f,,,,,,,,,,,RP-104,,,,,,,,,{},,,,,,,0|i00073:i,,Products Sprint,,,,,,,,Done
"To verify if the ""Delete"" button can be used to delete products",RP-100,10135,Test,Done,RP,Retails_Products,software,Aaheli Das,612ef77a8bb88c006f3e353f,,Medium,Done,Aaheli Das,612ef77a8bb88c006f3e353f,Aaheli Das,612ef77a8bb88c006f3e353f,Aaheli Das,612ef77a8bb88c006f3e353f,06/Sep/21 9:00 AM,08/Sep/21 3:57 PM,09/Sep/21 4:50 AM,07/Sep/21 6:13 AM,,0,,,Aaheli Das,612ef77a8bb88c006f3e353f,,,,,,,,,,,RP-99,,,,,,,,,{},,,,,,,0|i00076:,,Products Sprint,,,,,,,,Done
"As the admin, I want to be able to use the ""Delete"" button to deleted products from the available ones",RP-99,10134,Story,Done,RP,Retails_Products,software,Aaheli Das,612ef77a8bb88c006f3e353f,,Medium,Done,Aaheli Das,612ef77a8bb88c006f3e353f,Aaheli Das,612ef77a8bb88c006f3e353f,Aaheli Das,612ef77a8bb88c006f3e353f,06/Sep/21 8:59 AM,08/Sep/21 7:31 AM,09/Sep/21 4:50 AM,07/Sep/21 6:07 AM,,0,,,Aaheli Das,612ef77a8bb88c006f3e353f,,,,,,,,,,,RP-1,,,,,,,,,{},,,,,,,0|i00073:r,,Products Sprint,,,,,,,,Done
"To verify that if by default, all the checkboxes are unchecked",RP-98,10133,Test,Done,RP,Retails_Products,software,Aaheli Das,612ef77a8bb88c006f3e353f,,Medium,Done,Aaheli Das,612ef77a8bb88c006f3e353f,Aaheli Das,612ef77a8bb88c006f3e353f,Aaheli Das,612ef77a8bb88c006f3e353f,06/Sep/21 8:49 AM,08/Sep/21 3:58 PM,09/Sep/21 4:50 AM,07/Sep/21 6:13 AM,,0,,,Aaheli Das,612ef77a8bb88c006f3e353f,,,,,,,,,,,RP-95,,,,,,,,,{},,,,,,,0|i00072:,,Products Sprint,,,,,,,,Done
"To verify that if on clicking the checkbox on the title bar, all the products get selected",RP-97,10132,Test,Done,RP,Retails_Products,software,Aaheli Das,612ef77a8bb88c006f3e353f,,Medium,Done,Aaheli Das,612ef77a8bb88c006f3e353f,Aaheli Das,612ef77a8bb88c006f3e353f,Aaheli Das,612ef77a8bb88c006f3e353f,06/Sep/21 8:49 AM,08/Sep/21 3:58 PM,09/Sep/21 4:50 AM,07/Sep/21 6:07 AM,,0,,,Aaheli Das,612ef77a8bb88c006f3e353f,,,,,,,,,,,RP-95,,,,,,,,,{},,,,,,,0|i00071:,,Products Sprint,,,,,,,,Done
"To verify that if on clicking the checkbox beside any product, the product gets selected",RP-96,10131,Test,Done,RP,Retails_Products,software,Aaheli Das,612ef77a8bb88c006f3e353f,,Medium,Done,Aaheli Das,612ef77a8bb88c006f3e353f,Aaheli Das,612ef77a8bb88c006f3e353f,Aaheli Das,612ef77a8bb88c006f3e353f,06/Sep/21 8:47 AM,08/Sep/21 3:58 PM,09/Sep/21 4:50 AM,07/Sep/21 6:08 AM,,0,,,Aaheli Das,612ef77a8bb88c006f3e353f,,,,,,,,,,,RP-95,,,,,,,,,{},,,,,,,0|i0006z:,,Products Sprint,,,,,,,,Done
"As the admin, I want to be able to tick checkboxes so that I can perform various actions on the products",RP-95,10130,Story,Done,RP,Retails_Products,software,Aaheli Das,612ef77a8bb88c006f3e353f,,Medium,Done,Aaheli Das,612ef77a8bb88c006f3e353f,Aaheli Das,612ef77a8bb88c006f3e353f,Aaheli Das,612ef77a8bb88c006f3e353f,06/Sep/21 8:39 AM,08/Sep/21 3:58 PM,09/Sep/21 4:50 AM,07/Sep/21 6:07 AM,,0,,,Aaheli Das,612ef77a8bb88c006f3e353f,,,,,,,,,,,RP-1,,,,,,,,,{},,,,,,,0|i0006x:,,Products Sprint,,,,,,,,Done
"""Quantity"" field should just accept numeric values",RP-94,10129,Bug,To Do,RP,Retails_Products,software,Aaheli Das,612ef77a8bb88c006f3e353f,,Medium,,Aaheli Das,612ef77a8bb88c006f3e353f,Aaheli Das,612ef77a8bb88c006f3e353f,Aaheli Das,612ef77a8bb88c006f3e353f,06/Sep/21 6:59 AM,09/Sep/21 3:38 AM,09/Sep/21 4:50 AM,,,0,"Filtering Quantity

step to reproduce :

Go to Products in Catalog

go to “Quantity“ field

type alphabets and special characters

Expected result :

Field should not be able to accept alphabets and special characters

Actual Result :

Field accepts alphabets and special characters

!Screenshot 2021-09-06 112735.png|width=944,height=289!",,Aaheli Das,612ef77a8bb88c006f3e353f,,,,,,,,,RP-86,,RP-86,,06/Sep/21 7:08 AM;ug:39b16568-d855-4cf2-988f-ebe282735816;Screenshot 2021-09-06 112735.png;https://corporateola7.atlassian.net/secure/attachment/10007/Screenshot+2021-09-06+112735.png,,,,,,,{},,,,,,,0|i0006t:,,Products Sprint,,,,,,,,To Do
"""Price"" field should just accept numeric values",RP-93,10128,Bug,To Do,RP,Retails_Products,software,Aaheli Das,612ef77a8bb88c006f3e353f,,Medium,,Aaheli Das,612ef77a8bb88c006f3e353f,Aaheli Das,612ef77a8bb88c006f3e353f,Aaheli Das,612ef77a8bb88c006f3e353f,06/Sep/21 6:59 AM,09/Sep/21 3:38 AM,09/Sep/21 4:50 AM,,,0,"Filtering Prices

step to reproduce :

Go to Products in Catalog

go to “Price“ field

type alphabets and special characters

Expected result :

Field should not be able to accept alphabets and special characters

Actual Result :

Field accepts alphabets and special characters

!Screenshot 2021-09-06 112735.png|width=944,height=289!",,Aaheli Das,612ef77a8bb88c006f3e353f,,,,,,,,,,,RP-83,,06/Sep/21 7:07 AM;ug:39b16568-d855-4cf2-988f-ebe282735816;Screenshot 2021-09-06 112735.png;https://corporateola7.atlassian.net/secure/attachment/10006/Screenshot+2021-09-06+112735.png,,,,,,,{},,,,,,,0|i0006t:4,,Products Sprint,,,,,,,,To Do
"To verify that if on clicking ""Filter"" button, relevant products appear",RP-92,10127,Test,Done,RP,Retails_Products,software,Aaheli Das,612ef77a8bb88c006f3e353f,,Medium,Done,Aaheli Das,612ef77a8bb88c006f3e353f,Aaheli Das,612ef77a8bb88c006f3e353f,Aaheli Das,612ef77a8bb88c006f3e353f,06/Sep/21 6:54 AM,08/Sep/21 4:00 PM,09/Sep/21 4:50 AM,07/Sep/21 6:12 AM,,0,,,Aaheli Das,612ef77a8bb88c006f3e353f,,,,,,,,,,,RP-72,,,,,,,,,{},,,,,,,0|i0006u:q9,,Products Sprint,,,,,,,,Done
"To verify if after clicking, when mouse is hovered away from ""Image"" field it glows",RP-90,10125,Test,Done,RP,Retails_Products,software,Aaheli Das,612ef77a8bb88c006f3e353f,,Medium,Done,Aaheli Das,612ef77a8bb88c006f3e353f,Aaheli Das,612ef77a8bb88c006f3e353f,Aaheli Das,612ef77a8bb88c006f3e353f,06/Sep/21 6:34 AM,08/Sep/21 4:00 PM,09/Sep/21 4:50 AM,07/Sep/21 6:07 AM,,0,,,Aaheli Das,612ef77a8bb88c006f3e353f,,,,,,,,,,,RP-72,,,,,,,,,{},,,,,,,0|i0006u:pi,,Products Sprint,,,,,,,,Done
"To verify that if on clicking ""Status"" field, dropdown appears",RP-89,10124,Test,Done,RP,Retails_Products,software,Aaheli Das,612ef77a8bb88c006f3e353f,,Medium,Done,Aaheli Das,612ef77a8bb88c006f3e353f,Aaheli Das,612ef77a8bb88c006f3e353f,Aaheli Das,612ef77a8bb88c006f3e353f,06/Sep/21 6:34 AM,08/Sep/21 3:59 PM,09/Sep/21 4:50 AM,07/Sep/21 6:08 AM,,0,,,Aaheli Das,612ef77a8bb88c006f3e353f,,,,,,,,,,,RP-72,,,,,,,,,{},,,,,,,0|i0006u:qi,,Products Sprint,,,,,,,,Done
"To verify if after clicking, when mouse is hovered away from ""Status"" field it glows",RP-88,10123,Test,Done,RP,Retails_Products,software,Aaheli Das,612ef77a8bb88c006f3e353f,,Medium,Done,Aaheli Das,612ef77a8bb88c006f3e353f,Aaheli Das,612ef77a8bb88c006f3e353f,Aaheli Das,612ef77a8bb88c006f3e353f,06/Sep/21 6:10 AM,08/Sep/21 4:00 PM,09/Sep/21 4:50 AM,07/Sep/21 6:11 AM,,0,,,Aaheli Das,612ef77a8bb88c006f3e353f,,,,,,,,,,,RP-72,,,,,,,,,{},,,,,,,0|i0006u:q,,Products Sprint,,,,,,,,Done
"To verify that if on clicking ""Status"" field, dropdown appears",RP-87,10122,Test,Done,RP,Retails_Products,software,Aaheli Das,612ef77a8bb88c006f3e353f,,Medium,Done,Aaheli Das,612ef77a8bb88c006f3e353f,Aaheli Das,612ef77a8bb88c006f3e353f,Aaheli Das,612ef77a8bb88c006f3e353f,06/Sep/21 6:10 AM,08/Sep/21 4:00 PM,09/Sep/21 4:50 AM,07/Sep/21 6:07 AM,,0,,,Aaheli Das,612ef77a8bb88c006f3e353f,,,,,,,,,,,RP-72,,,,,,,,,{},,,,,,,0|i0006u:p,,Products Sprint,,,,,,,,Done
"To verify that if ""Quantity"" field can accept alphabets and special characters",RP-86,10121,Test,Blocked,RP,Retails_Products,software,Aaheli Das,612ef77a8bb88c006f3e353f,,Medium,,Aaheli Das,612ef77a8bb88c006f3e353f,Aaheli Das,612ef77a8bb88c006f3e353f,Aaheli Das,612ef77a8bb88c006f3e353f,06/Sep/21 5:58 AM,09/Sep/21 3:37 AM,09/Sep/21 4:50 AM,,,0,,,Aaheli Das,612ef77a8bb88c006f3e353f,,,,,,,,,,,RP-72,,,,,,,,,{},,,,,,,0|i0006u:yi,,Products Sprint,,,,,,,,In Progress
"To verify if after clicking, when mouse is hovered away from ""Quantity""  form it glows",RP-85,10120,Test,Done,RP,Retails_Products,software,Aaheli Das,612ef77a8bb88c006f3e353f,,Medium,Done,Aaheli Das,612ef77a8bb88c006f3e353f,Aaheli Das,612ef77a8bb88c006f3e353f,Aaheli Das,612ef77a8bb88c006f3e353f,06/Sep/21 5:58 AM,08/Sep/21 4:00 PM,09/Sep/21 4:50 AM,07/Sep/21 6:07 AM,,0,,,Aaheli Das,612ef77a8bb88c006f3e353f,,,,,,,,,,,RP-72,,,,,,,,,{},,,,,,,0|i0006u:o,,Products Sprint,,,,,,,,Done
"To verify that if ""Quantity"" field has the required placeholder",RP-84,10119,Test,Done,RP,Retails_Products,software,Aaheli Das,612ef77a8bb88c006f3e353f,,Medium,Done,Aaheli Das,612ef77a8bb88c006f3e353f,Aaheli Das,612ef77a8bb88c006f3e353f,Aaheli Das,612ef77a8bb88c006f3e353f,06/Sep/21 5:58 AM,08/Sep/21 3:58 PM,09/Sep/21 4:50 AM,07/Sep/21 6:07 AM,,0,,,Aaheli Das,612ef77a8bb88c006f3e353f,,,,,,,,,,,RP-72,,,,,,,,,{},,,,,,,0|i0006u:z,,Products Sprint,,,,,,,,Done
"To verify that if ""Price"" field can accept alphabets and special characters",RP-83,10118,Test,Blocked,RP,Retails_Products,software,Aaheli Das,612ef77a8bb88c006f3e353f,,Medium,,Aaheli Das,612ef77a8bb88c006f3e353f,Aaheli Das,612ef77a8bb88c006f3e353f,Aaheli Das,612ef77a8bb88c006f3e353f,06/Sep/21 5:45 AM,09/Sep/21 3:37 AM,09/Sep/21 4:50 AM,,,0,,,Aaheli Das,612ef77a8bb88c006f3e353f,,,,,,,,,,,RP-72,,,,,,,,,{},,,,,,,0|i0006u:y,,Products Sprint,,,,,,,,In Progress
"To verify if after clicking, when mouse is hovered away from ""Price""  form it glows",RP-82,10117,Test,Done,RP,Retails_Products,software,Aaheli Das,612ef77a8bb88c006f3e353f,,Medium,Done,Aaheli Das,612ef77a8bb88c006f3e353f,Aaheli Das,612ef77a8bb88c006f3e353f,Aaheli Das,612ef77a8bb88c006f3e353f,06/Sep/21 5:45 AM,08/Sep/21 4:01 PM,08/Sep/21 4:01 PM,07/Sep/21 6:07 AM,,0,,,Aaheli Das,612ef77a8bb88c006f3e353f,,,,,,,,,,,RP-72,,,,,,,,,{},,,,,,,0|i0006t:9,,Products Sprint,,,,,,,,Done
"To verify that if ""Price"" field has the required placeholder",RP-81,10116,Test,Done,RP,Retails_Products,software,Aaheli Das,612ef77a8bb88c006f3e353f,,Medium,Done,Aaheli Das,612ef77a8bb88c006f3e353f,Aaheli Das,612ef77a8bb88c006f3e353f,Aaheli Das,612ef77a8bb88c006f3e353f,06/Sep/21 5:45 AM,08/Sep/21 3:59 PM,09/Sep/21 4:50 AM,07/Sep/21 6:12 AM,,0,,,Aaheli Das,612ef77a8bb88c006f3e353f,,,,,,,,,,,RP-72,,,,,,,,,{},,,,,,,0|i0006u:t,,Products Sprint,,,,,,,,Done
"To verify if on clicking ""Model"" dropdown appears",RP-80,10115,Test,Done,RP,Retails_Products,software,Aaheli Das,612ef77a8bb88c006f3e353f,,Medium,Done,Aaheli Das,612ef77a8bb88c006f3e353f,Aaheli Das,612ef77a8bb88c006f3e353f,Aaheli Das,612ef77a8bb88c006f3e353f,06/Sep/21 5:07 AM,08/Sep/21 4:01 PM,09/Sep/21 4:50 AM,07/Sep/21 6:11 AM,,0,,,Aaheli Das,612ef77a8bb88c006f3e353f,,,,,,,,,,,RP-72,,,,,,,,,{},,,,,,,0|i0006t:i,,Products Sprint,,,,,,,,Done
"To verify that if ""Model"" field can accept alphanumeric values and special characters",RP-79,10114,Test,Done,RP,Retails_Products,software,Aaheli Das,612ef77a8bb88c006f3e353f,,Medium,Done,Aaheli Das,612ef77a8bb88c006f3e353f,Aaheli Das,612ef77a8bb88c006f3e353f,Aaheli Das,612ef77a8bb88c006f3e353f,06/Sep/21 5:07 AM,08/Sep/21 3:58 PM,09/Sep/21 4:50 AM,07/Sep/21 6:12 AM,,0,,,Aaheli Das,612ef77a8bb88c006f3e353f,,,,,,,,,,,RP-72,,,,,,,,,{},,,,,,,0|i0006u:x,,Products Sprint,,,,,,,,Done
"To verify if after clicking, when mouse is hovered away from ""Model"" form it glows",RP-78,10113,Test,Done,RP,Retails_Products,software,Aaheli Das,612ef77a8bb88c006f3e353f,,Medium,Done,Aaheli Das,612ef77a8bb88c006f3e353f,Aaheli Das,612ef77a8bb88c006f3e353f,Aaheli Das,612ef77a8bb88c006f3e353f,06/Sep/21 5:06 AM,08/Sep/21 4:00 PM,09/Sep/21 4:50 AM,07/Sep/21 6:07 AM,,0,,,Aaheli Das,612ef77a8bb88c006f3e353f,,,,,,,,,,,RP-72,,,,,,,,,{},,,,,,,0|i0006u:m,,Products Sprint,,,,,,,,Done
"To verify that if ""Model"" field has the required placeholder",RP-77,10112,Test,Done,RP,Retails_Products,software,Aaheli Das,612ef77a8bb88c006f3e353f,,Medium,Done,Aaheli Das,612ef77a8bb88c006f3e353f,Aaheli Das,612ef77a8bb88c006f3e353f,Aaheli Das,612ef77a8bb88c006f3e353f,06/Sep/21 5:06 AM,08/Sep/21 3:59 PM,09/Sep/21 4:50 AM,07/Sep/21 6:07 AM,,0,,,Aaheli Das,612ef77a8bb88c006f3e353f,,,,,,,,,,,RP-72,,,,,,,,,{},,,,,,,0|i0006u:v,,Products Sprint,,,,,,,,Done
"To verify if on clicking ""Product Name"" dropdown appears",RP-76,10111,Test,Done,RP,Retails_Products,software,Aaheli Das,612ef77a8bb88c006f3e353f,,Medium,Done,Aaheli Das,612ef77a8bb88c006f3e353f,Aaheli Das,612ef77a8bb88c006f3e353f,Aaheli Das,612ef77a8bb88c006f3e353f,06/Sep/21 4:27 AM,08/Sep/21 3:59 PM,09/Sep/21 4:50 AM,07/Sep/21 6:07 AM,,0,,,Aaheli Das,612ef77a8bb88c006f3e353f,,,,,,,,,,,RP-72,,,,,,,,,{},,,,,,,0|i0006u:r,,Products Sprint,,,,,,,,Done
"To verify that if ""Product Name"" field can accept alphanumeric values and special characters ",RP-75,10110,Test,Done,RP,Retails_Products,software,Aaheli Das,612ef77a8bb88c006f3e353f,,Medium,Done,Aaheli Das,612ef77a8bb88c006f3e353f,Aaheli Das,612ef77a8bb88c006f3e353f,Aaheli Das,612ef77a8bb88c006f3e353f,06/Sep/21 4:19 AM,08/Sep/21 4:00 PM,09/Sep/21 4:50 AM,07/Sep/21 6:09 AM,,0,,,Aaheli Das,612ef77a8bb88c006f3e353f,,,,,,,,,,,RP-72,,,,,,,,,{},,,,,,,0|i0006t:r,,Products Sprint,,,,,,,,Done
"To verify if after clicking, when mouse is hovered away from ""Product Name"" form it glows",RP-74,10109,Test,Done,RP,Retails_Products,software,Aaheli Das,612ef77a8bb88c006f3e353f,,Medium,Done,Aaheli Das,612ef77a8bb88c006f3e353f,Aaheli Das,612ef77a8bb88c006f3e353f,Aaheli Das,612ef77a8bb88c006f3e353f,06/Sep/21 4:19 AM,08/Sep/21 4:00 PM,09/Sep/21 4:50 AM,07/Sep/21 6:07 AM,,0,,,Aaheli Das,612ef77a8bb88c006f3e353f,,,,,,,,,,,RP-72,,,,,,,,,{},,,,,,,0|i0006u:i,,Products Sprint,,,,,,,,Done
"To verify that if ""Product Name"" field has the required placeholder",RP-73,10108,Test,Done,RP,Retails_Products,software,Aaheli Das,612ef77a8bb88c006f3e353f,,Medium,Done,Aaheli Das,612ef77a8bb88c006f3e353f,Aaheli Das,612ef77a8bb88c006f3e353f,Aaheli Das,612ef77a8bb88c006f3e353f,06/Sep/21 4:18 AM,08/Sep/21 4:00 PM,09/Sep/21 4:50 AM,07/Sep/21 6:11 AM,,0,,,Aaheli Das,612ef77a8bb88c006f3e353f,,,,,,,,,,,RP-72,,,,,,,,,{},,,,,,,0|i0006u:,,Products Sprint,,,,,,,,Done
"As the admin, I want to filter the available products so that I can get a list of products according to my requirement",RP-72,10107,Story,Blocked,RP,Retails_Products,software,Aaheli Das,612ef77a8bb88c006f3e353f,,Medium,,Aaheli Das,612ef77a8bb88c006f3e353f,Aaheli Das,612ef77a8bb88c006f3e353f,Aaheli Das,612ef77a8bb88c006f3e353f,06/Sep/21 3:33 AM,08/Sep/21 7:31 AM,09/Sep/21 4:50 AM,,,0,,,Aaheli Das,612ef77a8bb88c006f3e353f,,,,,,,,,,,,,,,,,,,,{},,,,,,,0|i0006p:,,Products Sprint,,,,,,,,In Progress
"Original font can't be selected anymore after changing it in ""Font Family""",RP-71,10106,Bug,To Do,RP,Retails_Products,software,Aaheli Das,612ef77a8bb88c006f3e353f,,Medium,,Aaheli Das,612ef77a8bb88c006f3e353f,Aaheli Das,612ef77a8bb88c006f3e353f,Aaheli Das,612ef77a8bb88c006f3e353f,03/Sep/21 12:07 PM,09/Sep/21 3:38 AM,09/Sep/21 4:50 AM,,,0,"Restoring default font style which is Open sans

step to reproduce :

Go to products

go to add new

select a different font style from font family dropdown

try to restore the original font Open Sans from the dropdown

Expected result :

Open Sans should be available in the dropdown

Actual Result :

Open Sans is not available in the dropdown

!Screenshot 2021-09-03 153023.png|width=645,height=350!

!Screenshot 2021-09-03 153058.png|width=581,height=232!",,Aaheli Das,612ef77a8bb88c006f3e353f,,,,,,,,,,,RP-53,,03/Sep/21 12:09 PM;ug:39b16568-d855-4cf2-988f-ebe282735816;Screenshot 2021-09-03 153023.png;https://corporateola7.atlassian.net/secure/attachment/10003/Screenshot+2021-09-03+153023.png,03/Sep/21 12:09 PM;ug:39b16568-d855-4cf2-988f-ebe282735816;Screenshot 2021-09-03 153058.png;https://corporateola7.atlassian.net/secure/attachment/10002/Screenshot+2021-09-03+153058.png,,,,,,{},,,,,,,0|i0006o:,,Products Sprint,,,,,,,,To Do
"""Reset To Default"" under ""More Colors"" in ""Description"" fails to change color back to default",RP-70,10105,Bug,To Do,RP,Retails_Products,software,Aaheli Das,612ef77a8bb88c006f3e353f,,Medium,,Aaheli Das,612ef77a8bb88c006f3e353f,Aaheli Das,612ef77a8bb88c006f3e353f,Aaheli Das,612ef77a8bb88c006f3e353f,03/Sep/21 12:01 PM,09/Sep/21 3:38 AM,09/Sep/21 4:50 AM,,,0,"Restoring font color to default

step to reproduce :

Go to products

go to add new

go to more colors field and select any color from foreground option

select “restore to default“

type texts in the “description“ field



Expected result :

texts inserted should be of default color which is Black

Actual Result :

text inserted remains the previously selected color

!Screenshot 2021-09-03 171343.png|width=551,height=79!

!Screenshot 2021-09-03 172037.png|width=665,height=144!",,Aaheli Das,612ef77a8bb88c006f3e353f,,,,,,,,,,,RP-69,,03/Sep/21 12:11 PM;ug:39b16568-d855-4cf2-988f-ebe282735816;Screenshot 2021-09-03 171343.png;https://corporateola7.atlassian.net/secure/attachment/10005/Screenshot+2021-09-03+171343.png,03/Sep/21 12:11 PM;ug:39b16568-d855-4cf2-988f-ebe282735816;Screenshot 2021-09-03 172037.png;https://corporateola7.atlassian.net/secure/attachment/10004/Screenshot+2021-09-03+172037.png,,,,,,{},,,,,,,0|i0006o:i,,Products Sprint,,,,,,,,To Do
"To verify ""Transparent"" and ""Restore to Default"" buttons in ""More Color""",RP-69,10104,Test,Blocked,RP,Retails_Products,software,Aaheli Das,612ef77a8bb88c006f3e353f,,Medium,,Aaheli Das,612ef77a8bb88c006f3e353f,Aaheli Das,612ef77a8bb88c006f3e353f,Aaheli Das,612ef77a8bb88c006f3e353f,03/Sep/21 11:39 AM,09/Sep/21 3:37 AM,09/Sep/21 4:50 AM,,,0,,,Aaheli Das,612ef77a8bb88c006f3e353f,,,,,,,,,,,RP-2,,,,,,,,,{},,,,,,,0|i0006m:zv,,Products Sprint,,,,,,,,In Progress
"To verify if other colors can be added from ""More Color"" ",RP-68,10103,Test,Done,RP,Retails_Products,software,Aaheli Das,612ef77a8bb88c006f3e353f,,Medium,Done,Aaheli Das,612ef77a8bb88c006f3e353f,Aaheli Das,612ef77a8bb88c006f3e353f,Aaheli Das,612ef77a8bb88c006f3e353f,03/Sep/21 11:13 AM,08/Sep/21 4:03 PM,08/Sep/21 4:03 PM,07/Sep/21 6:08 AM,,0,,,Aaheli Das,612ef77a8bb88c006f3e353f,,,,,,,,,,,RP-2,,,,,,,,,{},,,,,,,0|i0006l:i,,Products Sprint,,,,,,,,Done
"To verify if text typed has color on clicking ""Recent Color"" in ""Description"" field",RP-67,10102,Test,Done,RP,Retails_Products,software,Aaheli Das,612ef77a8bb88c006f3e353f,,Medium,Done,Aaheli Das,612ef77a8bb88c006f3e353f,Aaheli Das,612ef77a8bb88c006f3e353f,Aaheli Das,612ef77a8bb88c006f3e353f,03/Sep/21 11:09 AM,08/Sep/21 4:02 PM,08/Sep/21 4:02 PM,07/Sep/21 6:10 AM,,0,,,Aaheli Das,612ef77a8bb88c006f3e353f,,,,,,,,,,,RP-2,,,,,,,,,{},,,,,,,0|i0006m:y9,,Products Sprint,,,,,,,,Done
"To verify if ""Picture"" option can be used to add pictures in ""Description"" field",RP-66,10101,Test,Done,RP,Retails_Products,software,Aaheli Das,612ef77a8bb88c006f3e353f,,Medium,Done,Aaheli Das,612ef77a8bb88c006f3e353f,Aaheli Das,612ef77a8bb88c006f3e353f,Aaheli Das,612ef77a8bb88c006f3e353f,03/Sep/21 11:05 AM,08/Sep/21 4:01 PM,08/Sep/21 4:01 PM,07/Sep/21 6:07 AM,,0,,,Aaheli Das,612ef77a8bb88c006f3e353f,,,,,,,,,,,RP-2,,,,,,,,,{},,,,,,,0|i0006m:z9,,Products Sprint,,,,,,,,Done
"To verify if ""Paragraph"" option can be used  in ""Description"" field to change alignments",RP-65,10100,Test,Done,RP,Retails_Products,software,Aaheli Das,612ef77a8bb88c006f3e353f,,Medium,Done,Aaheli Das,612ef77a8bb88c006f3e353f,Aaheli Das,612ef77a8bb88c006f3e353f,Aaheli Das,612ef77a8bb88c006f3e353f,03/Sep/21 10:59 AM,08/Sep/21 4:01 PM,08/Sep/21 4:01 PM,07/Sep/21 6:07 AM,,0,,,Aaheli Das,612ef77a8bb88c006f3e353f,,,,,,,,,,,RP-2,,,,,,,,,{},,,,,,,0|i0006m:zi,,Products Sprint,,,,,,,,Done
"To verify if ""Unordered List"" option can be used  in ""Description"" field to unordered list",RP-64,10099,Test,Done,RP,Retails_Products,software,Aaheli Das,612ef77a8bb88c006f3e353f,,Medium,Done,Aaheli Das,612ef77a8bb88c006f3e353f,Aaheli Das,612ef77a8bb88c006f3e353f,Aaheli Das,612ef77a8bb88c006f3e353f,03/Sep/21 10:49 AM,08/Sep/21 4:03 PM,08/Sep/21 4:03 PM,07/Sep/21 6:08 AM,,0,,,Aaheli Das,612ef77a8bb88c006f3e353f,,,,,,,,,,,RP-2,,,,,,,,,{},,,,,,,0|i0006m:i,,Products Sprint,,,,,,,,Done
"To verify if ""Ordered List"" option can be used  in ""Description"" field to Ordered list",RP-63,10098,Test,Done,RP,Retails_Products,software,Aaheli Das,612ef77a8bb88c006f3e353f,,Medium,Done,Aaheli Das,612ef77a8bb88c006f3e353f,Aaheli Das,612ef77a8bb88c006f3e353f,Aaheli Das,612ef77a8bb88c006f3e353f,03/Sep/21 10:48 AM,08/Sep/21 4:01 PM,08/Sep/21 4:01 PM,07/Sep/21 6:07 AM,,0,,,Aaheli Das,612ef77a8bb88c006f3e353f,,,,,,,,,,,RP-2,,,,,,,,,{},,,,,,,0|i0006m:zr,,Products Sprint,,,,,,,,Done
"To verify if ""Table"" option can be used  in ""Description"" field to add tables",RP-62,10097,Test,Done,RP,Retails_Products,software,Aaheli Das,612ef77a8bb88c006f3e353f,,Medium,Done,Aaheli Das,612ef77a8bb88c006f3e353f,Aaheli Das,612ef77a8bb88c006f3e353f,Aaheli Das,612ef77a8bb88c006f3e353f,03/Sep/21 10:42 AM,08/Sep/21 4:01 PM,09/Sep/21 4:50 AM,07/Sep/21 6:11 AM,,0,,,Aaheli Das,612ef77a8bb88c006f3e353f,,,,,,,,,,,RP-2,,,,,,,,,{},,,,,,,0|i0006m:ym,,Products Sprint,,,,,,,,Done
" To verify if ""Link"" option can be  edited in ""Description"" field",RP-61,10096,Test,Done,RP,Retails_Products,software,Aaheli Das,612ef77a8bb88c006f3e353f,,Medium,Done,Aaheli Das,612ef77a8bb88c006f3e353f,Aaheli Das,612ef77a8bb88c006f3e353f,Aaheli Das,612ef77a8bb88c006f3e353f,03/Sep/21 10:31 AM,08/Sep/21 4:01 PM,08/Sep/21 4:01 PM,07/Sep/21 6:11 AM,,0,,,Aaheli Das,612ef77a8bb88c006f3e353f,,,,,,,,,,,RP-2,,,,,,,,,{},,,,,,,0|i0006m:yr,,Products Sprint,,,,,,,,Done
"To verify if ""Link"" option can be used to add links in ""Description"" field",RP-60,10095,Test,Done,RP,Retails_Products,software,Aaheli Das,612ef77a8bb88c006f3e353f,,Medium,Done,Aaheli Das,612ef77a8bb88c006f3e353f,Aaheli Das,612ef77a8bb88c006f3e353f,Aaheli Das,612ef77a8bb88c006f3e353f,03/Sep/21 10:25 AM,08/Sep/21 4:02 PM,08/Sep/21 4:02 PM,07/Sep/21 6:11 AM,,0,,,Aaheli Das,612ef77a8bb88c006f3e353f,,,,,,,,,,,RP-2,,,,,,,,,{},,,,,,,0|i0006m:yi,,Products Sprint,,,,,,,,Done
"To verify if ""Video"" option can be used to add videos in ""Description"" field",RP-59,10094,Test,Done,RP,Retails_Products,software,Aaheli Das,612ef77a8bb88c006f3e353f,,Medium,Done,Aaheli Das,612ef77a8bb88c006f3e353f,Aaheli Das,612ef77a8bb88c006f3e353f,Aaheli Das,612ef77a8bb88c006f3e353f,03/Sep/21 10:10 AM,08/Sep/21 4:02 PM,08/Sep/21 4:02 PM,07/Sep/21 6:07 AM,,0,,,Aaheli Das,612ef77a8bb88c006f3e353f,,,,,,,,,,,RP-2,,,,,,,,,{},,,,,,,0|i0006m:xy,,Products Sprint,,,,,,,,Done
"To verify if on clicking on ""Cancel"" button on the ""Add product"" page, Admin is redirected to original page ",RP-58,10093,Test,Done,RP,Retails_Products,software,Aaheli Das,612ef77a8bb88c006f3e353f,,Medium,Done,Aaheli Das,612ef77a8bb88c006f3e353f,Aaheli Das,612ef77a8bb88c006f3e353f,Aaheli Das,612ef77a8bb88c006f3e353f,03/Sep/21 9:35 AM,08/Sep/21 4:01 PM,08/Sep/21 4:01 PM,07/Sep/21 6:11 AM,,0,,,Aaheli Das,612ef77a8bb88c006f3e353f,,,,,,,,,,,RP-2,,,,,,,,,{},,,,,,,0|i0006m:z,,Products Sprint,,,,,,,,Done
"To verify if on clicking on ""Save"" button on the ""Add product"" page, data is stored",RP-57,10092,Test,Done,RP,Retails_Products,software,Aaheli Das,612ef77a8bb88c006f3e353f,,Medium,Done,Aaheli Das,612ef77a8bb88c006f3e353f,Aaheli Das,612ef77a8bb88c006f3e353f,Aaheli Das,612ef77a8bb88c006f3e353f,03/Sep/21 9:30 AM,08/Sep/21 4:02 PM,09/Sep/21 4:50 AM,07/Sep/21 6:08 AM,,0,,,Aaheli Das,612ef77a8bb88c006f3e353f,,,,,,,,,,,RP-2,,,,,,,,,{},,,,,,,0|i0006m:xx,,Products Sprint,,,,,,,,Done
"To verify if clicking ""Code View"" opens the coding page and anything written in it is reflected in the original page",RP-56,10091,Test,Done,RP,Retails_Products,software,Aaheli Das,612ef77a8bb88c006f3e353f,,Medium,Done,Aaheli Das,612ef77a8bb88c006f3e353f,Aaheli Das,612ef77a8bb88c006f3e353f,Aaheli Das,612ef77a8bb88c006f3e353f,03/Sep/21 9:18 AM,08/Sep/21 4:02 PM,08/Sep/21 4:02 PM,07/Sep/21 6:09 AM,,0,,,Aaheli Das,612ef77a8bb88c006f3e353f,,,,,,,,,,,RP-2,,,,,,,,,{},,,,,,,0|i0006m:xv,,Products Sprint,,,,,,,,Done
"To verify if the ""Full Screen"" option opens the ""Description"" field in full screen",RP-55,10090,Test,Done,RP,Retails_Products,software,Aaheli Das,612ef77a8bb88c006f3e353f,,Medium,Done,Aaheli Das,612ef77a8bb88c006f3e353f,Aaheli Das,612ef77a8bb88c006f3e353f,Aaheli Das,612ef77a8bb88c006f3e353f,03/Sep/21 9:01 AM,08/Sep/21 4:02 PM,08/Sep/21 4:02 PM,07/Sep/21 6:10 AM,,0,,,Aaheli Das,612ef77a8bb88c006f3e353f,,,,,,,,,,,RP-2,,,,,,,,,{},,,,,,,0|i0006m:xr,,Products Sprint,,,,,,,,Done
"To verify if the shortcut keys are displayed when ""Help"" is clicked in the ""Description field"" and can be closed of clicking the ""x"" on the top right corner",RP-54,10089,Test,Done,RP,Retails_Products,software,Aaheli Das,612ef77a8bb88c006f3e353f,,Medium,Done,Aaheli Das,612ef77a8bb88c006f3e353f,Aaheli Das,612ef77a8bb88c006f3e353f,Aaheli Das,612ef77a8bb88c006f3e353f,03/Sep/21 8:52 AM,08/Sep/21 4:03 PM,08/Sep/21 4:03 PM,07/Sep/21 6:07 AM,,0,,,Aaheli Das,612ef77a8bb88c006f3e353f,,,,,,,,,,,RP-2,,,,,,,,,{},,,,,,,0|i0006l:v,,Products Sprint,,,,,,,,Done
"To verify if on selecting a font from ""Font family"" texts appear in the selected font",RP-53,10088,Test,Blocked,RP,Retails_Products,software,Aaheli Das,612ef77a8bb88c006f3e353f,,Medium,,Aaheli Das,612ef77a8bb88c006f3e353f,Aaheli Das,612ef77a8bb88c006f3e353f,Aaheli Das,612ef77a8bb88c006f3e353f,03/Sep/21 7:33 AM,08/Sep/21 7:30 AM,09/Sep/21 4:50 AM,,,0,,,Aaheli Das,612ef77a8bb88c006f3e353f,,,,,,,,,,,RP-2,,,,,,,,,{},,,,,,,0|i0006m:zx,,Products Sprint,,,,,,,,In Progress
"To verify if on hovering mouse on ""Font Family"" present in ""Description"" displays comment and if on clicking it the dropdown appears",RP-52,10087,Test,Done,RP,Retails_Products,software,Aaheli Das,612ef77a8bb88c006f3e353f,,Medium,Done,Aaheli Das,612ef77a8bb88c006f3e353f,Aaheli Das,612ef77a8bb88c006f3e353f,Aaheli Das,612ef77a8bb88c006f3e353f,03/Sep/21 7:22 AM,08/Sep/21 4:02 PM,08/Sep/21 4:02 PM,07/Sep/21 6:11 AM,,0,,,Aaheli Das,612ef77a8bb88c006f3e353f,,,,,,,,,,,RP-2,,,,,,,,,{},,,,,,,0|i0006m:xi,,Products Sprint,,,,,,,,Done
"To verify if on clicking ""Remove Font Style"" in ""Description"" field all styles are removed",RP-51,10086,Test,Done,RP,Retails_Products,software,Aaheli Das,612ef77a8bb88c006f3e353f,,Medium,Done,Aaheli Das,612ef77a8bb88c006f3e353f,Aaheli Das,612ef77a8bb88c006f3e353f,Aaheli Das,612ef77a8bb88c006f3e353f,03/Sep/21 7:17 AM,08/Sep/21 4:02 PM,08/Sep/21 4:02 PM,07/Sep/21 6:11 AM,,0,,,Aaheli Das,612ef77a8bb88c006f3e353f,,,,,,,,,,,RP-2,,,,,,,,,{},,,,,,,0|i0006m:y,,Products Sprint,,,,,,,,Done
"To verify if texted typed is underlined on clicking ""Underline"" in ""Description"" field",RP-50,10085,Test,Done,RP,Retails_Products,software,Aaheli Das,612ef77a8bb88c006f3e353f,,Medium,Done,Aaheli Das,612ef77a8bb88c006f3e353f,Aaheli Das,612ef77a8bb88c006f3e353f,Aaheli Das,612ef77a8bb88c006f3e353f,03/Sep/21 7:12 AM,08/Sep/21 4:03 PM,08/Sep/21 4:03 PM,07/Sep/21 6:06 AM,,0,,,Aaheli Das,612ef77a8bb88c006f3e353f,,,,,,,,,,,RP-2,,,,,,,,,{},,,,,,,0|i0006h:,,Products Sprint,,,,,,,,Done
"To verify if texted typed is bolded on clicking ""Bold"" in ""Description"" field",RP-47,10082,Test,Done,RP,Retails_Products,software,Aaheli Das,612ef77a8bb88c006f3e353f,,Medium,Done,Aaheli Das,612ef77a8bb88c006f3e353f,Aaheli Das,612ef77a8bb88c006f3e353f,Aaheli Das,612ef77a8bb88c006f3e353f,03/Sep/21 6:42 AM,08/Sep/21 4:02 PM,09/Sep/21 4:50 AM,07/Sep/21 6:07 AM,,0,,,Aaheli Das,612ef77a8bb88c006f3e353f,,,,,,,,,,,RP-2,,,,,,,,,{},,,,,,,0|i0006m:x,,Products Sprint,,,,,,,,Done
"To verify if a style can be selected from the ""Style"" field",RP-46,10081,Test,Done,RP,Retails_Products,software,Aaheli Das,612ef77a8bb88c006f3e353f,,Medium,Done,Aaheli Das,612ef77a8bb88c006f3e353f,Aaheli Das,612ef77a8bb88c006f3e353f,Aaheli Das,612ef77a8bb88c006f3e353f,03/Sep/21 6:42 AM,08/Sep/21 4:02 PM,09/Sep/21 4:50 AM,07/Sep/21 6:06 AM,,0,,,Aaheli Das,612ef77a8bb88c006f3e353f,,,,,,,,,,,RP-2,,,,,,,,,{},,,,,,,0|i0006m:v,,Products Sprint,,,,,,,,Done
"To verify if on hovering mouse on ""Style"" present in ""Description"" displays comment and if on clicking it the dropdown appears",RP-45,10080,Test,Done,RP,Retails_Products,software,Aaheli Das,612ef77a8bb88c006f3e353f,,Medium,Done,Aaheli Das,612ef77a8bb88c006f3e353f,Aaheli Das,612ef77a8bb88c006f3e353f,Aaheli Das,612ef77a8bb88c006f3e353f,03/Sep/21 6:32 AM,08/Sep/21 4:02 PM,08/Sep/21 4:03 PM,07/Sep/21 6:08 AM,,0,,,Aaheli Das,612ef77a8bb88c006f3e353f,,,,,,,,,,,RP-2,,,,,,,,,{},,,,,,,0|i0006m:r,,Products Sprint,,,,,,,,Done
"To verify if on dragging the white bar at the bottom of ""Description"" field expands the field",RP-44,10079,Test,Done,RP,Retails_Products,software,Aaheli Das,612ef77a8bb88c006f3e353f,,Medium,Done,Aaheli Das,612ef77a8bb88c006f3e353f,Aaheli Das,612ef77a8bb88c006f3e353f,Aaheli Das,612ef77a8bb88c006f3e353f,03/Sep/21 6:19 AM,08/Sep/21 4:03 PM,08/Sep/21 4:03 PM,07/Sep/21 6:09 AM,,0,,,Aaheli Das,612ef77a8bb88c006f3e353f,,,,,,,,,,RP-43,RP-2,,,,,,,,,{},,,,,,,0|i0006m:,,Products Sprint,,,,,,,,Done
"To verify if on hovering mouse on the ""Description"" field, the cursor becomes a text cursor and on clicking it becomes a blinking text cursor",RP-43,10078,Test,Done,RP,Retails_Products,software,Aaheli Das,612ef77a8bb88c006f3e353f,,Medium,Done,Aaheli Das,612ef77a8bb88c006f3e353f,Aaheli Das,612ef77a8bb88c006f3e353f,Aaheli Das,612ef77a8bb88c006f3e353f,03/Sep/21 6:06 AM,08/Sep/21 4:03 PM,09/Sep/21 4:50 AM,07/Sep/21 6:07 AM,,0,,,Aaheli Das,612ef77a8bb88c006f3e353f,,,,,,,,,,,RP-2,,,,,,,,,{},,,,,,,0|i0006l:,,Products Sprint,,,,,,,,Done
" To verify if after clicking, when mouse is hovered away from ""Product Tags"" form it glows",RP-42,10077,Test,Done,RP,Retails_Products,software,Aaheli Das,612ef77a8bb88c006f3e353f,,Medium,Done,Aaheli Das,612ef77a8bb88c006f3e353f,Aaheli Das,612ef77a8bb88c006f3e353f,Aaheli Das,612ef77a8bb88c006f3e353f,03/Sep/21 5:01 AM,08/Sep/21 4:04 PM,08/Sep/21 4:04 PM,07/Sep/21 6:07 AM,,0,,,Aaheli Das,612ef77a8bb88c006f3e353f,,,,,,,,,,,RP-2,,,,,,,,,{},,,,,,,0|i0004p:,,Products Sprint,,,,,,,,Done
"To verify if after clicking, when mouse is hovered away from ""Meta Tag Keyword "" form it glows",RP-41,10076,Test,Done,RP,Retails_Products,software,Aaheli Das,612ef77a8bb88c006f3e353f,,Medium,Done,Aaheli Das,612ef77a8bb88c006f3e353f,Aaheli Das,612ef77a8bb88c006f3e353f,Aaheli Das,612ef77a8bb88c006f3e353f,03/Sep/21 5:00 AM,08/Sep/21 4:04 PM,08/Sep/21 4:04 PM,07/Sep/21 6:08 AM,,0,,,Aaheli Das,612ef77a8bb88c006f3e353f,,,,,,,,,,,RP-2,,,,,,,,,{},,,,,,,0|i0004r:,,Products Sprint,,,,,,,,Done
"To verify if after clicking, when mouse is hovered away from ""Meta Tag Description"" form it glows",RP-40,10075,Test,Done,RP,Retails_Products,software,Aaheli Das,612ef77a8bb88c006f3e353f,,Medium,Done,Aaheli Das,612ef77a8bb88c006f3e353f,Aaheli Das,612ef77a8bb88c006f3e353f,Aaheli Das,612ef77a8bb88c006f3e353f,03/Sep/21 5:00 AM,08/Sep/21 4:04 PM,08/Sep/21 4:04 PM,07/Sep/21 6:09 AM,,0,,,Aaheli Das,612ef77a8bb88c006f3e353f,,,,,,,,,,,RP-2,,,,,,,,,{},,,,,,,0|i0004e:,,Products Sprint,,,,,,,,Done
"To verify if after clicking, when mouse is hovered away from ""Meta Tag Type"" form it glows",RP-39,10074,Test,Done,RP,Retails_Products,software,Aaheli Das,612ef77a8bb88c006f3e353f,,Medium,Done,Aaheli Das,612ef77a8bb88c006f3e353f,Aaheli Das,612ef77a8bb88c006f3e353f,Aaheli Das,612ef77a8bb88c006f3e353f,03/Sep/21 5:00 AM,08/Sep/21 4:04 PM,08/Sep/21 4:04 PM,07/Sep/21 6:09 AM,,0,,,Aaheli Das,612ef77a8bb88c006f3e353f,,,,,,,,,,,RP-2,,,,,,,,,{},,,,,,,0|i0004n:,,Products Sprint,,,,,,,,Done
"To verify if after clicking, when mouse is hovered away from ""Product Name"" form it glows",RP-38,10073,Test,Done,RP,Retails_Products,software,Aaheli Das,612ef77a8bb88c006f3e353f,,Medium,Done,Aaheli Das,612ef77a8bb88c006f3e353f,Aaheli Das,612ef77a8bb88c006f3e353f,Aaheli Das,612ef77a8bb88c006f3e353f,03/Sep/21 3:51 AM,08/Sep/21 4:03 PM,08/Sep/21 4:03 PM,07/Sep/21 6:07 AM,,0,,,Aaheli Das,612ef77a8bb88c006f3e353f,,,,,,,,,,,RP-2,,,,,,,,,{},,,,,,,0|i0006j:,,Products Sprint,,,,,,,,Done
"To verify that if mouse is hovered on ""Product Tags"" it displays ""Comma Separated""",RP-37,10072,Test,Done,RP,Retails_Products,software,Aaheli Das,612ef77a8bb88c006f3e353f,,Medium,Done,Aaheli Das,612ef77a8bb88c006f3e353f,Aaheli Das,612ef77a8bb88c006f3e353f,Aaheli Das,612ef77a8bb88c006f3e353f,02/Sep/21 12:13 PM,08/Sep/21 4:01 PM,08/Sep/21 4:01 PM,07/Sep/21 6:07 AM,,0,,,Aaheli Das,612ef77a8bb88c006f3e353f,,,,,,,,,,,RP-2,,,,,,,,,{},,,,,,,0|i0006n:,,Products Sprint,,,,,,,,Done
"To verify that if ""Product Tags"" field can accept white spaces",RP-36,10071,Test,Done,RP,Retails_Products,software,Aaheli Das,612ef77a8bb88c006f3e353f,,Medium,Done,Aaheli Das,612ef77a8bb88c006f3e353f,Aaheli Das,612ef77a8bb88c006f3e353f,Aaheli Das,612ef77a8bb88c006f3e353f,02/Sep/21 12:13 PM,08/Sep/21 4:03 PM,08/Sep/21 4:03 PM,07/Sep/21 6:06 AM,,0,,,Aaheli Das,612ef77a8bb88c006f3e353f,,,,,,,,,,,RP-2,,,,,,,,,{},,,,,,,0|i0006f:,,Products Sprint,,,,,,,,Done
"To verify that if ""Product Tags"" field can accept numerical values and special characters",RP-35,10070,Test,Done,RP,Retails_Products,software,Aaheli Das,612ef77a8bb88c006f3e353f,,Medium,Done,Aaheli Das,612ef77a8bb88c006f3e353f,Aaheli Das,612ef77a8bb88c006f3e353f,Aaheli Das,612ef77a8bb88c006f3e353f,02/Sep/21 12:13 PM,08/Sep/21 4:03 PM,08/Sep/21 4:03 PM,07/Sep/21 6:06 AM,,0,,,Aaheli Das,612ef77a8bb88c006f3e353f,,,,,,,,,,,RP-2,,,,,,,,,{},,,,,,,0|i00067:,,Products Sprint,,,,,,,,Done
"To verify that if ""Product Tags"" field has the required placeholder",RP-33,10068,Test,Done,RP,Retails_Products,software,Aaheli Das,612ef77a8bb88c006f3e353f,,Medium,Done,Aaheli Das,612ef77a8bb88c006f3e353f,Aaheli Das,612ef77a8bb88c006f3e353f,Aaheli Das,612ef77a8bb88c006f3e353f,02/Sep/21 12:12 PM,08/Sep/21 4:03 PM,09/Sep/21 4:50 AM,07/Sep/21 6:06 AM,,0,,,Aaheli Das,612ef77a8bb88c006f3e353f,,,,,,,,,,,RP-2,,,,,,,,,{},,,,,,,0|i0005z:,,Products Sprint,,,,,,,,Done
"To verify that if ""Product Tags"" can be left NULL",RP-32,10067,Test,Done,RP,Retails_Products,software,Aaheli Das,612ef77a8bb88c006f3e353f,,Medium,Done,Aaheli Das,612ef77a8bb88c006f3e353f,Aaheli Das,612ef77a8bb88c006f3e353f,Aaheli Das,612ef77a8bb88c006f3e353f,02/Sep/21 12:12 PM,08/Sep/21 4:03 PM,08/Sep/21 4:03 PM,07/Sep/21 6:06 AM,,0,,,Aaheli Das,612ef77a8bb88c006f3e353f,,,,,,,,,,,RP-2,,,,,,,,,{},,,,,,,0|i0005r:,,Products Sprint,,,,,,,,Done
"To verify that if ""Meta Tag Keywords"" field can accept numerical values and special characters",RP-31,10066,Test,Done,RP,Retails_Products,software,Aaheli Das,612ef77a8bb88c006f3e353f,,Medium,Done,Aaheli Das,612ef77a8bb88c006f3e353f,Aaheli Das,612ef77a8bb88c006f3e353f,Aaheli Das,612ef77a8bb88c006f3e353f,02/Sep/21 12:00 PM,08/Sep/21 4:04 PM,08/Sep/21 4:04 PM,07/Sep/21 6:06 AM,,0,,,Aaheli Das,612ef77a8bb88c006f3e353f,,,,,,,,,,,RP-2,,,,,,,,,{},,,,,,,0|i00057:,,Products Sprint,,,,,,,,Done
"To verify that if ""Meta Tag Keywords"" field can accept white spaces",RP-30,10065,Test,Done,RP,Retails_Products,software,Aaheli Das,612ef77a8bb88c006f3e353f,,Medium,Done,Aaheli Das,612ef77a8bb88c006f3e353f,Aaheli Das,612ef77a8bb88c006f3e353f,Aaheli Das,612ef77a8bb88c006f3e353f,02/Sep/21 11:59 AM,08/Sep/21 4:04 PM,08/Sep/21 4:04 PM,07/Sep/21 6:11 AM,,0,,,Aaheli Das,612ef77a8bb88c006f3e353f,,,,,,,,,,,RP-2,,,,,,,,,{},,,,,,,0|i0005b:,,Products Sprint,,,,,,,,Done
" To verify that if ""Meta Tag Keyword"" field has the required placeholder",RP-29,10064,Test,Done,RP,Retails_Products,software,Aaheli Das,612ef77a8bb88c006f3e353f,,Medium,Done,Aaheli Das,612ef77a8bb88c006f3e353f,Aaheli Das,612ef77a8bb88c006f3e353f,Aaheli Das,612ef77a8bb88c006f3e353f,02/Sep/21 11:59 AM,08/Sep/21 4:04 PM,08/Sep/21 4:04 PM,07/Sep/21 6:06 AM,,0,,,Aaheli Das,612ef77a8bb88c006f3e353f,,,,,,,,,,,RP-2,,,,,,,,,{},,,,,,,0|i00053:,,Products Sprint,,,,,,,,Done
"To verify that if ""Meta Tag Keywords"" can be left NULL",RP-28,10063,Test,Done,RP,Retails_Products,software,Aaheli Das,612ef77a8bb88c006f3e353f,,Medium,Done,Aaheli Das,612ef77a8bb88c006f3e353f,Aaheli Das,612ef77a8bb88c006f3e353f,Aaheli Das,612ef77a8bb88c006f3e353f,02/Sep/21 11:59 AM,08/Sep/21 4:04 PM,08/Sep/21 4:04 PM,07/Sep/21 6:06 AM,,0,,,Aaheli Das,612ef77a8bb88c006f3e353f,,,,,,,,,,,RP-2,,,,,,,,,{},,,,,,,0|i0004v:,,Products Sprint,,,,,,,,Done
"To verify that if ""Meta Tag Title"" field is marked Mandatory",RP-27,10062,Test,Done,RP,Retails_Products,software,Aaheli Das,612ef77a8bb88c006f3e353f,,Medium,Done,Aaheli Das,612ef77a8bb88c006f3e353f,Aaheli Das,612ef77a8bb88c006f3e353f,Aaheli Das,612ef77a8bb88c006f3e353f,02/Sep/21 11:37 AM,08/Sep/21 4:05 PM,09/Sep/21 4:50 AM,07/Sep/21 6:08 AM,,0,,,Aaheli Das,612ef77a8bb88c006f3e353f,,,,,,,,,,,RP-2,,,,,,,,,{},,,,,,,0|i0002p:1w,,Products Sprint,,,,,,,,Done
"To verify that if ""Product Name"" field is marked Mandatory",RP-26,10061,Test,Done,RP,Retails_Products,software,Aaheli Das,612ef77a8bb88c006f3e353f,,Medium,Done,Aaheli Das,612ef77a8bb88c006f3e353f,Aaheli Das,612ef77a8bb88c006f3e353f,Aaheli Das,612ef77a8bb88c006f3e353f,02/Sep/21 11:33 AM,08/Sep/21 4:05 PM,08/Sep/21 4:05 PM,07/Sep/21 6:08 AM,,0,,,Aaheli Das,612ef77a8bb88c006f3e353f,,,,,,,,,,,RP-2,,,,,,,,,{},,,,,,,0|i0002p:1x,,Products Sprint,,,,,,,,Done
"To verify that if ""Product Name"" field has the required placeholder",RP-25,10060,Test,Done,RP,Retails_Products,software,Aaheli Das,612ef77a8bb88c006f3e353f,,Medium,Done,Aaheli Das,612ef77a8bb88c006f3e353f,Aaheli Das,612ef77a8bb88c006f3e353f,Aaheli Das,612ef77a8bb88c006f3e353f,02/Sep/21 10:45 AM,08/Sep/21 4:05 PM,08/Sep/21 4:05 PM,07/Sep/21 6:06 AM,,0,,,Aaheli Das,612ef77a8bb88c006f3e353f,,,,,,,,,,,RP-2,,,,,,,,,{},,,,,,,0|i0002p:1v,,Products Sprint,,,,,,,,Done
"To verify that if ""Meta Tag Description"" field can accept white spaces",RP-24,10059,Test,Done,RP,Retails_Products,software,Aaheli Das,612ef77a8bb88c006f3e353f,,Medium,Done,Aaheli Das,612ef77a8bb88c006f3e353f,Aaheli Das,612ef77a8bb88c006f3e353f,Aaheli Das,612ef77a8bb88c006f3e353f,02/Sep/21 10:21 AM,08/Sep/21 4:05 PM,08/Sep/21 4:05 PM,07/Sep/21 6:08 AM,,0,,,Aaheli Das,612ef77a8bb88c006f3e353f,,,,,,,,,,,RP-2,,,,,,,,,{},,,,,,,0|i0004d:,,Products Sprint,,,,,,,,Done
"To verify that if ""Meta Tag Description"" field can accept numerical values and special characters",RP-23,10058,Test,Done,RP,Retails_Products,software,Aaheli Das,612ef77a8bb88c006f3e353f,,Medium,Done,Aaheli Das,612ef77a8bb88c006f3e353f,Aaheli Das,612ef77a8bb88c006f3e353f,Aaheli Das,612ef77a8bb88c006f3e353f,02/Sep/21 10:21 AM,08/Sep/21 4:04 PM,08/Sep/21 4:04 PM,07/Sep/21 6:08 AM,,0,,,Aaheli Das,612ef77a8bb88c006f3e353f,,,,,,,,,,,RP-2,,,,,,,,,{},,,,,,,0|i0004f:,,Products Sprint,,,,,,,,Done
"To verify that if ""Meta Tag Description"" can be left NULL",RP-22,10057,Test,Done,RP,Retails_Products,software,Aaheli Das,612ef77a8bb88c006f3e353f,,Medium,Done,Aaheli Das,612ef77a8bb88c006f3e353f,Aaheli Das,612ef77a8bb88c006f3e353f,Aaheli Das,612ef77a8bb88c006f3e353f,02/Sep/21 10:21 AM,08/Sep/21 4:05 PM,08/Sep/21 4:05 PM,07/Sep/21 6:07 AM,,0,,,Aaheli Das,612ef77a8bb88c006f3e353f,,,,,,,,,,,RP-2,,,,,,,,,{},,,,,,,0|i00047:,,Products Sprint,,,,,,,,Done
"To verify that if ""Meta Tag Description"" field has the required placeholder",RP-20,10055,Test,Done,RP,Retails_Products,software,Aaheli Das,612ef77a8bb88c006f3e353f,,Medium,Done,Aaheli Das,612ef77a8bb88c006f3e353f,Aaheli Das,612ef77a8bb88c006f3e353f,Aaheli Das,612ef77a8bb88c006f3e353f,02/Sep/21 10:21 AM,08/Sep/21 4:05 PM,08/Sep/21 4:05 PM,07/Sep/21 6:08 AM,,0,,,Aaheli Das,612ef77a8bb88c006f3e353f,,,,,,,,,,,RP-2,,,,,,,,,{},,,,,,,0|i0004b:,,Products Sprint,,,,,,,,Done
"To verify that if ""Meta Tag Title"" field has the required placeholder",RP-18,10053,Test,Done,RP,Retails_Products,software,Aaheli Das,612ef77a8bb88c006f3e353f,,Medium,Done,Aaheli Das,612ef77a8bb88c006f3e353f,Aaheli Das,612ef77a8bb88c006f3e353f,Aaheli Das,612ef77a8bb88c006f3e353f,02/Sep/21 9:50 AM,08/Sep/21 4:05 PM,08/Sep/21 4:05 PM,07/Sep/21 6:08 AM,,0,,,Aaheli Das,612ef77a8bb88c006f3e353f,,,,,,,,,,,RP-2,,,,,,,,,{},,,,,,,0|i0002p:2,,Products Sprint,,,,,,,,Done
"To verify that ""Meta Tag Title"" is of length between 3-255",RP-17,10052,Test,Done,RP,Retails_Products,software,Aaheli Das,612ef77a8bb88c006f3e353f,,Medium,Done,Aaheli Das,612ef77a8bb88c006f3e353f,Aaheli Das,612ef77a8bb88c006f3e353f,Aaheli Das,612ef77a8bb88c006f3e353f,02/Sep/21 9:11 AM,08/Sep/21 4:05 PM,08/Sep/21 4:05 PM,07/Sep/21 6:08 AM,,0,,,Aaheli Das,612ef77a8bb88c006f3e353f,,,,,,,,,,,RP-2,,,,,,,,,{},,,,,,,0|i0002p:4,,Products Sprint,,,,,,,,Done
"To verify that if ""Meta Tag Title"" can be left NULL",RP-16,10051,Test,Done,RP,Retails_Products,software,Aaheli Das,612ef77a8bb88c006f3e353f,,Medium,Done,Aaheli Das,612ef77a8bb88c006f3e353f,Aaheli Das,612ef77a8bb88c006f3e353f,Aaheli Das,612ef77a8bb88c006f3e353f,02/Sep/21 9:10 AM,08/Sep/21 4:05 PM,08/Sep/21 4:05 PM,07/Sep/21 6:07 AM,,0,,,Aaheli Das,612ef77a8bb88c006f3e353f,,,,,,,,,,,RP-2,,,,,,,,,{},,,,,,,0|i0002p:9,,Products Sprint,,,,,,,,Done
"To verify that if ""Meta Tag Title"" field can accept numerical values and special characters",RP-15,10050,Test,Done,RP,Retails_Products,software,Aaheli Das,612ef77a8bb88c006f3e353f,,Medium,Done,Aaheli Das,612ef77a8bb88c006f3e353f,Aaheli Das,612ef77a8bb88c006f3e353f,Aaheli Das,612ef77a8bb88c006f3e353f,02/Sep/21 9:10 AM,08/Sep/21 4:06 PM,08/Sep/21 4:06 PM,07/Sep/21 6:06 AM,,0,,,Aaheli Das,612ef77a8bb88c006f3e353f,,,,,,,,,,,RP-2,,,,,,,,,{},,,,,,,0|i0002o:u,,Products Sprint,,,,,,,,Done
"To verify that if ""Meta Tag Title"" field can accept white spaces",RP-14,10049,Test,Done,RP,Retails_Products,software,Aaheli Das,612ef77a8bb88c006f3e353f,,Medium,Done,Aaheli Das,612ef77a8bb88c006f3e353f,Aaheli Das,612ef77a8bb88c006f3e353f,Aaheli Das,612ef77a8bb88c006f3e353f,02/Sep/21 9:06 AM,08/Sep/21 4:05 PM,08/Sep/21 4:05 PM,07/Sep/21 6:07 AM,,0,,,Aaheli Das,612ef77a8bb88c006f3e353f,,,,,,,,,,,RP-2,,,,,,,,,{},,,,,,,0|i0002q:,,Products Sprint,,,,,,,,Done
"To verify that if ""Product Name"" field can accept white spaces",RP-12,10047,Test,Done,RP,Retails_Products,software,Aaheli Das,612ef77a8bb88c006f3e353f,,Medium,Done,Aaheli Das,612ef77a8bb88c006f3e353f,Aaheli Das,612ef77a8bb88c006f3e353f,Aaheli Das,612ef77a8bb88c006f3e353f,02/Sep/21 7:32 AM,08/Sep/21 4:06 PM,08/Sep/21 4:06 PM,07/Sep/21 6:06 AM,,0,,,Aaheli Das,612ef77a8bb88c006f3e353f,,,,,,,,,,,RP-2,,,,,,,,,{},,,,,,,0|i0002p:,,Products Sprint,,,,,,,,Done
"To verify that if ""Product Name"" field can accept numerical values and special characters",RP-11,10046,Test,Done,RP,Retails_Products,software,Aaheli Das,612ef77a8bb88c006f3e353f,,Medium,Done,Aaheli Das,612ef77a8bb88c006f3e353f,Aaheli Das,612ef77a8bb88c006f3e353f,Aaheli Das,612ef77a8bb88c006f3e353f,02/Sep/21 7:28 AM,08/Sep/21 4:06 PM,08/Sep/21 4:06 PM,07/Sep/21 6:06 AM,,0,,,Aaheli Das,612ef77a8bb88c006f3e353f,,,,,,,,,,,RP-2,,,,,,,,,{},,,,,,,0|i0002o:o,,Products Sprint,,,,,,,,Done
"To verify that if ""Product Name"" can be left NULL",RP-10,10045,Test,Done,RP,Retails_Products,software,Aaheli Das,612ef77a8bb88c006f3e353f,,Medium,Done,Aaheli Das,612ef77a8bb88c006f3e353f,Aaheli Das,612ef77a8bb88c006f3e353f,Aaheli Das,612ef77a8bb88c006f3e353f,02/Sep/21 7:20 AM,08/Sep/21 4:06 PM,08/Sep/21 4:06 PM,07/Sep/21 6:06 AM,,0,,,Aaheli Das,612ef77a8bb88c006f3e353f,,,,,,,,,,,RP-2,,,,,,,,,{},,,,,,,0|i0002p:1r,,Products Sprint,,,,,,,,Done
"To verify that ""Product Name"" is of length between 3-255",RP-9,10044,Test,Done,RP,Retails_Products,software,Aaheli Das,612ef77a8bb88c006f3e353f,,Medium,Done,Aaheli Das,612ef77a8bb88c006f3e353f,Aaheli Das,612ef77a8bb88c006f3e353f,Aaheli Das,612ef77a8bb88c006f3e353f,02/Sep/21 7:08 AM,08/Sep/21 4:06 PM,08/Sep/21 4:06 PM,07/Sep/21 6:06 AM,,0,,,Aaheli Das,612ef77a8bb88c006f3e353f,,,,,,,,,,,RP-2,,,,,,,,,{},,,,,,,0|i0002p:1i,,Products Sprint,,,,,,,,Done
"To verify if ""Add New"" button has the desired color",RP-6,10041,Test,Done,RP,Retails_Products,software,Aaheli Das,612ef77a8bb88c006f3e353f,,Medium,Done,Aaheli Das,612ef77a8bb88c006f3e353f,Aaheli Das,612ef77a8bb88c006f3e353f,Aaheli Das,612ef77a8bb88c006f3e353f,02/Sep/21 6:43 AM,08/Sep/21 4:06 PM,08/Sep/21 4:06 PM,07/Sep/21 6:06 AM,,0,,,Aaheli Das,612ef77a8bb88c006f3e353f,,,,,,,,,,,RP-2,,,,,,,,,{},,,,,,,0|i0002o:d,,Products Sprint,,,,,,,,Done
"To verify if on clicking the ""Add new"" button, it opens the ""Add Products"" page",RP-5,10040,Test,Done,RP,Retails_Products,software,Aaheli Das,612ef77a8bb88c006f3e353f,,Medium,Done,Aaheli Das,612ef77a8bb88c006f3e353f,Aaheli Das,612ef77a8bb88c006f3e353f,Aaheli Das,612ef77a8bb88c006f3e353f,02/Sep/21 6:38 AM,08/Sep/21 4:07 PM,09/Sep/21 4:50 AM,07/Sep/21 6:06 AM,,0,,,Aaheli Das,612ef77a8bb88c006f3e353f,,,,,,,,,,,RP-2,,,,,,,,,{},,,,,,,0|i0002o:4,,Products Sprint,,,,,,,,Done
"To verify if when the mouse hovered the ""Add new"" button, it shows ""Add New"" comment",RP-4,10039,Test,Done,RP,Retails_Products,software,Aaheli Das,612ef77a8bb88c006f3e353f,,Medium,Done,Aaheli Das,612ef77a8bb88c006f3e353f,Aaheli Das,612ef77a8bb88c006f3e353f,Aaheli Das,612ef77a8bb88c006f3e353f,02/Sep/21 6:25 AM,08/Sep/21 4:07 PM,09/Sep/21 4:50 AM,07/Sep/21 6:06 AM,,0,,,Aaheli Das,612ef77a8bb88c006f3e353f,,,,,,,,,,,RP-2,,,,,,,,,{},,,,,,,0|i0002o:3,,Products Sprint,,,,,,,,Done
"To verify the position of the ""Add New"" button",RP-3,10038,Test,Done,RP,Retails_Products,software,Aaheli Das,612ef77a8bb88c006f3e353f,,Medium,Done,Aaheli Das,612ef77a8bb88c006f3e353f,Aaheli Das,612ef77a8bb88c006f3e353f,Aaheli Das,612ef77a8bb88c006f3e353f,02/Sep/21 6:00 AM,08/Sep/21 4:07 PM,08/Sep/21 4:07 PM,07/Sep/21 6:06 AM,,0,,,Aaheli Das,612ef77a8bb88c006f3e353f,,,,,,,,,,,RP-2,,,,,,,,,{},,,,,,,0|i0002o:2,,Products Sprint,,,,,,,,Done
" As the admin, I want to click on ""Add New"" button so that I can add a new product to the list",RP-2,10037,Story,Blocked,RP,Retails_Products,software,Aaheli Das,612ef77a8bb88c006f3e353f,,Medium,,Aaheli Das,612ef77a8bb88c006f3e353f,Aaheli Das,612ef77a8bb88c006f3e353f,Aaheli Das,612ef77a8bb88c006f3e353f,02/Sep/21 5:50 AM,08/Sep/21 7:28 AM,09/Sep/21 3:36 AM,,,0,,,Aaheli Das,612ef77a8bb88c006f3e353f,,,,,,,,,,,,,,,,,,,,{},,,,,,,0|i0002o:,,Products Sprint,,,,,,,,In Progress
"Module to add new products, edit, delete existing products and filtering the available products to extract required ones",RP-1,10036,Epic,In Progress,RP,Retails_Products,software,Aaheli Das,612ef77a8bb88c006f3e353f,,Medium,,,,Aaheli Das,612ef77a8bb88c006f3e353f,Aaheli Das,612ef77a8bb88c006f3e353f,02/Sep/21 5:32 AM,08/Sep/21 7:30 AM,09/Sep/21 4:50 AM,,,0,,,Aaheli Das,612ef77a8bb88c006f3e353f,,,,,,,,,,,RP-2,RP-72,,,,,,,,{},ghx-label-9,,Products,To Do,,,0|i0002n:,,Products Sprint,,,,,,,,In Progress
